lifnr,name,city,province,archetype,premium,price_sigma,lead_days,on_time_p,mean_delay_days,capacity_kg_month,rainy_penalty,lebaran_penalty,short_ship_p,active_from,drift,on_panel,materials
100101,PT Sinar Manis Lampung,Bandar Lampung,Lampung,"Cheapest but often late, worse in rainy season (sea crossing)",-0.04,0.012,6,0.66,4.5,60000,0.18,0.1,0.03,,,True,"RM-GULA-001,RM-MGOR-001"
100102,PT Kristal Prima Jaya,Jakarta Utara,DKI Jakarta,"Very reliable, most expensive",0.055,0.008,3,0.96,1.5,50000,0.02,0.04,0.01,,,True,"RM-GULA-001,RM-MGOR-001"
100103,CV Tebu Makmur Sejahtera,Surabaya,Jawa Timur,"Balanced incumbent, large capacity",0.01,0.01,4,0.88,2.5,90000,0.05,0.1,0.03,,,True,"RM-GULA-001,RM-MGOR-001"
100104,PT Cepat Antar Pangan,Bekasi,Jawa Barat,"Fastest lead time, small capacity (fails when overloaded)",0.03,0.01,2,0.92,2.0,18000,0.05,0.1,0.03,,,True,"RM-GULA-001,RM-MGOR-001"
100105,CV Gula Rakyat Nusantara,Kediri,Jawa Timur,"Fine in dry season, poor in rainy season",-0.015,0.012,5,0.9,3.5,40000,0.3,0.1,0.03,,,True,"RM-GULA-001,RM-MGOR-001"
100106,PT Distribusi Sentosa Abadi,Semarang,Jawa Tengah,"Good most of the year, struggles around Lebaran",0.0,0.01,4,0.89,3.0,45000,0.05,0.4,0.03,,,True,"RM-GULA-001,RM-MGOR-001"
100107,CV Mitra Karya Bersama,Tangerang,Banten,"Mediocre and pricey, but favoured by one buyer (planted pattern)",0.035,0.012,4,0.78,3.0,35000,0.05,0.1,0.03,,,True,"RM-GULA-001,RM-MGOR-001"
100108,PT Agro Niaga Utama,Cirebon,Jawa Barat,"Was reliable, dropped sharply in Mar to Apr 2026 and stayed poor",0.005,0.01,4,0.93,3.0,45000,0.05,0.1,0.03,,"{'start': '2026-03-01', 'end': '2026-05-01', 'on_time_p': 0.55}",True,"RM-GULA-001,RM-MGOR-001"
100109,PT Sumber Rasa Baru,Karawang,Jawa Barat,"New supplier, little history (cold start)",0.0,0.01,3,0.91,2.0,30000,0.05,0.1,0.03,2026-06-01,,True,"RM-GULA-001,RM-MGOR-001"
100110,UD Berkah Tani,Cianjur,Jawa Barat,"Low price, tiny capacity, frequent short shipments",-0.025,0.015,5,0.82,3.0,12000,0.05,0.1,0.15,,,True,"RM-GULA-001,RM-MGOR-001"
100111,CV Harapan Manis Baru,Bogor,Jawa Barat,"Off-panel trader with a cheap, fast quote, not vetted",-0.05,0.01,2,0.75,3.0,25000,0.05,0.1,0.03,,,False,"RM-GULA-001,RM-MGOR-001"
