EBELN,EBELP,VGABE,BEWTP,BWART,BUDAT,MENGE,DMBTR,WAERS
4500000001,10,1,E,101,2024-10-05,7000.0,116200000.0,IDR
4500000002,10,1,E,101,2024-10-11,6000.0,96000000.0,IDR
4500000003,10,1,E,101,2024-10-09,5500.0,86350000.0,IDR
4500000004,10,1,E,101,2024-10-11,6000.0,100500000.0,IDR
4500000005,10,1,E,101,2024-10-13,3000.0,49200000.0,IDR
4500000006,10,1,E,101,2024-10-12,3500.0,58975000.0,IDR
4500000007,10,1,E,101,2024-10-14,3000.0,51900000.0,IDR
4500000008,10,1,E,101,2024-10-17,6000.0,98700000.0,IDR
4500000009,10,1,E,101,2024-10-20,3450.0,55545000.0,IDR
4500000010,10,1,E,101,2024-10-21,5500.0,89925000.0,IDR
4500000011,10,1,E,101,2024-10-22,4500.0,74025000.0,IDR
4500000012,10,1,E,101,2024-10-25,4000.0,66400000.0,IDR
4500000013,10,1,E,101,2024-10-26,6500.0,113425000.0,IDR
4500000014,10,1,E,101,2024-10-28,8000.0,134400000.0,IDR
4500000015,10,1,E,101,2024-11-05,6500.0,101725000.0,IDR
4500000016,10,1,E,101,2024-11-02,7000.0,111300000.0,IDR
4500000017,10,1,E,101,2024-11-07,6500.0,101075000.0,IDR
4500000018,10,1,E,101,2024-11-08,7000.0,113050000.0,IDR
4500000019,10,1,E,101,2024-11-10,5000.0,79000000.0,IDR
4500000020,10,1,E,101,2024-11-10,5500.0,89650000.0,IDR
4500000021,10,1,E,101,2024-11-10,4500.0,77175000.0,IDR
4500000022,10,1,E,101,2024-11-14,5000.0,85250000.0,IDR
4500000023,10,1,E,101,2024-11-16,3500.0,56175000.0,IDR
4500000024,10,1,E,101,2024-11-19,3000.0,47250000.0,IDR
4500000025,10,1,E,101,2024-11-19,6000.0,99900000.0,IDR
4500000026,10,1,E,101,2024-11-23,2850.0,44887500.0,IDR
4500000027,10,1,E,101,2024-11-23,6500.0,106925000.0,IDR
4500000028,10,1,E,101,2024-11-28,5500.0,85800000.0,IDR
4500000029,10,1,E,101,2024-11-27,6000.0,99900000.0,IDR
4500000030,10,1,E,101,2024-11-29,5000.0,82500000.0,IDR
4500000031,10,1,E,101,2024-12-01,3500.0,57925000.0,IDR
4500000032,10,1,E,101,2024-12-11,6000.0,103200000.0,IDR
4500000033,10,1,E,101,2024-12-07,4500.0,70875000.0,IDR
4500000034,10,1,E,101,2024-12-17,6500.0,99775000.0,IDR
4500000035,10,1,E,101,2024-12-08,5000.0,82000000.0,IDR
4500000036,10,1,E,101,2024-12-09,6500.0,112125000.0,IDR
4500000037,10,1,E,101,2024-12-12,7500.0,120750000.0,IDR
4500000038,10,1,E,101,2024-12-20,6000.0,93300000.0,IDR
4500000039,10,1,E,101,2024-12-15,7000.0,114450000.0,IDR
4500000040,10,1,E,101,2024-12-16,5000.0,83500000.0,IDR
4500000041,10,1,E,101,2024-12-21,7500.0,121500000.0,IDR
4500000042,10,1,E,101,2024-12-23,7500.0,122250000.0,IDR
4500000043,10,1,E,101,2024-12-24,3000.0,49650000.0,IDR
4500000044,10,1,E,101,2024-12-27,7500.0,123375000.0,IDR
4500000045,10,1,E,101,2024-12-26,3500.0,55650000.0,IDR
4500000046,10,1,E,101,2024-12-27,5000.0,79000000.0,IDR
4500000047,10,1,E,101,2024-12-26,4500.0,77175000.0,IDR
4500000048,10,1,E,101,2024-12-29,6500.0,106600000.0,IDR
4500000049,10,1,E,101,2024-12-31,3500.0,58975000.0,IDR
4500000050,10,1,E,101,2024-12-31,3500.0,59150000.0,IDR
4500000051,10,1,E,101,2025-01-07,6500.0,105950000.0,IDR
4500000052,10,1,E,101,2025-01-04,7000.0,121100000.0,IDR
4500000053,10,1,E,101,2025-01-08,8000.0,136800000.0,IDR
4500000054,10,1,E,101,2025-01-12,5000.0,82000000.0,IDR
4500000055,10,1,E,101,2025-01-09,7000.0,122150000.0,IDR
4500000056,10,1,E,101,2025-01-12,6000.0,99300000.0,IDR
4500000057,10,1,E,101,2025-01-14,5500.0,93775000.0,IDR
4500000058,10,1,E,101,2025-01-15,5500.0,92400000.0,IDR
4500000059,10,1,E,101,2025-01-17,6000.0,101100000.0,IDR
4500000060,10,1,E,101,2025-01-24,3000.0,48750000.0,IDR
4500000061,10,1,E,101,2025-02-01,3500.0,57050000.0,IDR
4500000062,10,1,E,101,2025-01-26,7000.0,119350000.0,IDR
4500000063,10,1,E,101,2025-01-25,6000.0,102000000.0,IDR
4500000064,10,1,E,101,2025-01-28,3500.0,59325000.0,IDR
4500000065,10,1,E,101,2025-01-29,6500.0,112775000.0,IDR
4500000066,10,1,E,101,2025-01-31,7000.0,119700000.0,IDR
4500000067,10,1,E,101,2025-02-02,4500.0,76725000.0,IDR
4500000068,10,1,E,101,2025-02-03,6000.0,102900000.0,IDR
4500000069,10,1,E,101,2025-02-04,4000.0,68000000.0,IDR
4500000070,10,1,E,101,2025-02-07,4000.0,69000000.0,IDR
4500000071,10,1,E,101,2025-02-07,6000.0,102600000.0,IDR
4500000072,10,1,E,101,2025-02-11,6000.0,99300000.0,IDR
4500000073,10,1,E,101,2025-02-13,3000.0,49800000.0,IDR
4500000074,10,1,E,101,2025-02-16,7000.0,115150000.0,IDR
4500000075,10,1,E,101,2025-02-15,5000.0,85750000.0,IDR
4500000076,10,1,E,101,2025-02-16,3500.0,60550000.0,IDR
4500000077,10,1,E,101,2025-02-19,5500.0,92950000.0,IDR
4500000078,10,1,E,101,2025-02-18,6500.0,119600000.0,IDR
4500000079,10,1,E,101,2025-02-20,4500.0,81900000.0,IDR
4500000080,10,1,E,101,2025-02-25,5500.0,94875000.0,IDR
4500000081,10,1,E,101,2025-02-25,4000.0,67200000.0,IDR
4500000082,10,1,E,101,2025-02-24,7000.0,126000000.0,IDR
4500000083,10,1,E,101,2025-02-27,8000.0,140800000.0,IDR
4500000084,10,1,E,101,2025-03-10,5000.0,80250000.0,IDR
4500000085,10,1,E,101,2025-03-01,4300.0,77615000.0,IDR
4500000086,10,1,E,101,2025-03-03,6000.0,108900000.0,IDR
4500000087,10,1,E,101,2025-03-14,5000.0,86250000.0,IDR
4500000088,10,1,E,101,2025-03-13,5500.0,100100000.0,IDR
4500000089,10,1,E,101,2025-03-11,6000.0,99900000.0,IDR
4500000090,10,1,E,101,2025-03-09,6000.0,105300000.0,IDR
4500000091,10,1,E,101,2025-03-13,6000.0,99900000.0,IDR
4500000092,10,1,E,101,2025-03-15,6500.0,107575000.0,IDR
4500000093,10,1,E,101,2025-03-16,5500.0,99000000.0,IDR
4500000094,10,1,E,101,2025-03-17,5000.0,87750000.0,IDR
4500000095,10,1,E,101,2025-03-21,5000.0,89750000.0,IDR
4500000096,10,1,E,101,2025-03-21,5000.0,87750000.0,IDR
4500000097,10,1,E,101,2025-03-20,5500.0,96800000.0,IDR
4500000098,10,1,E,101,2025-03-24,6000.0,100800000.0,IDR
4500000099,10,1,E,101,2025-03-27,7000.0,117950000.0,IDR
4500000100,10,1,E,101,2025-03-25,4000.0,71600000.0,IDR
4500000101,10,1,E,101,2025-03-30,5000.0,83500000.0,IDR
4500000102,10,1,E,101,2025-03-31,4500.0,78075000.0,IDR
4500000103,10,1,E,101,2025-04-08,7000.0,124600000.0,IDR
4500000104,10,1,E,101,2025-04-06,3000.0,49650000.0,IDR
4500000105,10,1,E,101,2025-04-10,5000.0,82500000.0,IDR
4500000106,10,1,E,101,2025-04-08,6500.0,109200000.0,IDR
4500000107,10,1,E,101,2025-04-10,8000.0,135600000.0,IDR
4500000108,10,1,E,101,2025-04-11,4000.0,69800000.0,IDR
4500000109,10,1,E,101,2025-04-13,3000.0,50700000.0,IDR
4500000110,10,1,E,101,2025-04-14,5000.0,85500000.0,IDR
4500000111,10,1,E,101,2025-04-14,6500.0,113750000.0,IDR
4500000112,10,1,E,101,2025-04-18,5000.0,86500000.0,IDR
4500000113,10,1,E,101,2025-04-26,5500.0,91575000.0,IDR
4500000114,10,1,E,101,2025-04-21,5000.0,86250000.0,IDR
4500000115,10,1,E,101,2025-04-21,4000.0,70400000.0,IDR
4500000116,10,1,E,101,2025-04-25,5000.0,84000000.0,IDR
4500000117,10,1,E,101,2025-04-28,3500.0,59850000.0,IDR
4500000118,10,1,E,101,2025-04-30,4500.0,74025000.0,IDR
4500000119,10,1,E,101,2025-04-30,5000.0,86000000.0,IDR
4500000120,10,1,E,101,2025-04-30,4000.0,74000000.0,IDR
4500000121,10,1,E,101,2025-05-06,6000.0,99900000.0,IDR
4500000122,10,1,E,101,2025-05-06,5300.0,92220000.0,IDR
4500000123,10,1,E,101,2025-05-07,6500.0,112125000.0,IDR
4500000124,10,1,E,101,2025-05-09,4000.0,67200000.0,IDR
4500000125,10,1,E,101,2025-05-12,6000.0,100800000.0,IDR
4500000126,10,1,E,101,2025-05-14,6000.0,104400000.0,IDR
4500000127,10,1,E,101,2025-05-17,6500.0,110500000.0,IDR
4500000128,10,1,E,101,2025-05-16,4500.0,77400000.0,IDR
4500000129,10,1,E,101,2025-05-28,5500.0,91575000.0,IDR
4500000130,10,1,E,101,2025-05-21,3000.0,50100000.0,IDR
4500000131,10,1,E,101,2025-05-21,5500.0,95975000.0,IDR
4500000132,10,1,E,101,2025-05-23,5000.0,86500000.0,IDR
4500000133,10,1,E,101,2025-05-25,7500.0,133500000.0,IDR
4500000134,10,1,E,101,2025-05-26,7000.0,115850000.0,IDR
4500000135,10,1,E,101,2025-05-27,4000.0,67800000.0,IDR
4500000136,10,1,E,101,2025-05-28,4350.0,70687500.0,IDR
4500000137,10,1,E,101,2025-05-31,7000.0,118300000.0,IDR
4500000138,10,1,E,101,2025-06-03,8000.0,136800000.0,IDR
4500000139,10,1,E,101,2025-06-02,3500.0,59675000.0,IDR
4500000140,10,1,E,101,2025-06-05,6500.0,105625000.0,IDR
4500000141,10,1,E,101,2025-06-07,4900.0,80115000.0,IDR
4500000142,10,1,E,101,2025-06-07,5500.0,94050000.0,IDR
4500000143,10,1,E,101,2025-06-09,5000.0,84000000.0,IDR
4500000144,10,1,E,101,2025-06-09,7500.0,129000000.0,IDR
4500000145,10,1,E,101,2025-06-10,7500.0,133500000.0,IDR
4500000146,10,1,E,101,2025-06-17,7500.0,121875000.0,IDR
4500000147,10,1,E,101,2025-06-12,4500.0,79650000.0,IDR
4500000148,10,1,E,101,2025-06-16,7500.0,123750000.0,IDR
4500000149,10,1,E,101,2025-06-18,5000.0,89250000.0,IDR
4500000150,10,1,E,101,2025-06-25,5000.0,83000000.0,IDR
4500000151,10,1,E,101,2025-06-24,3100.0,50375000.0,IDR
4500000152,10,1,E,101,2025-07-01,8000.0,134400000.0,IDR
4500000153,10,1,E,101,2025-06-25,8000.0,130400000.0,IDR
4500000154,10,1,E,101,2025-06-30,3000.0,50100000.0,IDR
4500000155,10,1,E,101,2025-06-29,6000.0,97200000.0,IDR
4500000156,10,1,E,101,2025-06-29,3000.0,50850000.0,IDR
4500000157,10,1,E,101,2025-06-30,3500.0,58625000.0,IDR
4500000158,10,1,E,101,2025-07-13,6000.0,97500000.0,IDR
4500000159,10,1,E,101,2025-07-10,3500.0,58450000.0,IDR
4500000160,10,1,E,101,2025-07-06,7500.0,130125000.0,IDR
4500000161,10,1,E,101,2025-07-08,3500.0,60025000.0,IDR
4500000162,10,1,E,101,2025-07-14,6500.0,113425000.0,IDR
4500000163,10,1,E,101,2025-07-16,3000.0,51900000.0,IDR
4500000164,10,1,E,101,2025-07-17,3000.0,51600000.0,IDR
4500000165,10,1,E,101,2025-07-16,4000.0,68000000.0,IDR
4500000166,10,1,E,101,2025-07-18,7500.0,127500000.0,IDR
4500000167,10,1,E,101,2025-07-21,5100.0,82110000.0,IDR
4500000168,10,1,E,101,2025-07-21,6000.0,99600000.0,IDR
4500000169,10,1,E,101,2025-07-22,5500.0,91575000.0,IDR
4500000170,10,1,E,101,2025-07-23,3000.0,49800000.0,IDR
4500000171,10,1,E,101,2025-07-26,7500.0,121875000.0,IDR
4500000172,10,1,E,101,2025-07-27,4000.0,67000000.0,IDR
4500000173,10,1,E,101,2025-07-28,3500.0,61950000.0,IDR
4500000174,10,1,E,101,2025-08-01,7000.0,117600000.0,IDR
4500000175,10,1,E,101,2025-08-01,8000.0,132400000.0,IDR
4500000176,10,1,E,101,2025-08-06,5500.0,87725000.0,IDR
4500000177,10,1,E,101,2025-08-10,7500.0,118500000.0,IDR
4500000178,10,1,E,101,2025-08-17,7000.0,110950000.0,IDR
4500000179,10,1,E,101,2025-08-12,5000.0,81250000.0,IDR
4500000180,10,1,E,101,2025-08-16,5500.0,88550000.0,IDR
4500000181,10,1,E,101,2025-08-15,2300.0,38065000.0,IDR
4500000182,10,1,E,101,2025-08-29,6000.0,96600000.0,IDR
4500000183,10,1,E,101,2025-08-20,6000.0,98700000.0,IDR
4500000184,10,1,E,101,2025-08-16,6500.0,109200000.0,IDR
4500000185,10,1,E,101,2025-08-20,4000.0,66400000.0,IDR
4500000186,10,1,E,101,2025-08-22,3500.0,57925000.0,IDR
4500000187,10,1,E,101,2025-08-25,3500.0,56175000.0,IDR
4500000188,10,1,E,101,2025-08-29,3500.0,58100000.0,IDR
4500000189,10,1,E,101,2025-08-27,6000.0,97200000.0,IDR
4500000190,10,1,E,101,2025-08-27,5000.0,81500000.0,IDR
4500000191,10,1,E,101,2025-09-06,6500.0,110825000.0,IDR
4500000192,10,1,E,101,2025-09-13,5500.0,87450000.0,IDR
4500000193,10,1,E,101,2025-08-31,6000.0,102300000.0,IDR
4500000194,10,1,E,101,2025-09-02,3500.0,58800000.0,IDR
4500000195,10,1,E,101,2025-09-07,3500.0,56875000.0,IDR
4500000196,10,1,E,101,2025-09-07,4500.0,71100000.0,IDR
4500000197,10,1,E,101,2025-09-05,4000.0,64800000.0,IDR
4500000198,10,1,E,101,2025-09-12,3000.0,46650000.0,IDR
4500000199,10,1,E,101,2025-09-10,6500.0,105625000.0,IDR
4500000200,10,1,E,101,2025-09-10,3500.0,59500000.0,IDR
4500000201,10,1,E,101,2025-09-14,7000.0,117600000.0,IDR
4500000202,10,1,E,101,2025-09-15,6500.0,107250000.0,IDR
4500000203,10,1,E,101,2025-09-21,3500.0,55825000.0,IDR
4500000204,10,1,E,101,2025-09-19,3500.0,58625000.0,IDR
4500000205,10,1,E,101,2025-09-20,5500.0,90475000.0,IDR
4500000206,10,1,E,101,2025-09-23,5500.0,88000000.0,IDR
4500000207,10,1,E,101,2025-09-28,3000.0,46200000.0,IDR
4500000208,10,1,E,101,2025-09-26,5000.0,77250000.0,IDR
4500000209,10,1,E,101,2025-09-25,4500.0,73350000.0,IDR
4500000210,10,1,E,101,2025-09-28,7500.0,123750000.0,IDR
4500000211,10,1,E,101,2025-10-01,6500.0,103675000.0,IDR
4500000212,10,1,E,101,2025-10-01,4000.0,68000000.0,IDR
4500000213,10,1,E,101,2025-10-04,3000.0,48750000.0,IDR
4500000214,10,1,E,101,2025-10-05,5500.0,90750000.0,IDR
4500000215,10,1,E,101,2025-10-03,5500.0,93225000.0,IDR
4500000216,10,1,E,101,2025-10-06,7000.0,114450000.0,IDR
4500000217,10,1,E,101,2025-10-10,7000.0,115150000.0,IDR
4500000218,10,1,E,101,2025-10-12,4500.0,73125000.0,IDR
4500000219,10,1,E,101,2025-10-14,6500.0,101400000.0,IDR
4500000220,10,1,E,101,2025-10-17,4000.0,64200000.0,IDR
4500000221,10,1,E,101,2025-10-19,5500.0,87725000.0,IDR
4500000222,10,1,E,101,2025-10-20,6500.0,103025000.0,IDR
4500000223,10,1,E,101,2025-10-20,7500.0,123000000.0,IDR
4500000224,10,1,E,101,2025-10-23,4500.0,72900000.0,IDR
4500000225,10,1,E,101,2025-10-24,7000.0,116550000.0,IDR
4500000226,10,1,E,101,2025-10-26,7000.0,112350000.0,IDR
4500000227,10,1,E,101,2025-10-31,4000.0,64000000.0,IDR
4500000228,10,1,E,101,2025-10-27,5500.0,91025000.0,IDR
4500000229,10,1,E,101,2025-10-30,3500.0,56875000.0,IDR
4500000230,10,1,E,101,2025-11-13,8000.0,125200000.0,IDR
4500000231,10,1,E,101,2025-11-05,7500.0,119625000.0,IDR
4500000232,10,1,E,101,2025-11-05,7000.0,112700000.0,IDR
4500000233,10,1,E,101,2025-11-07,3000.0,50250000.0,IDR
4500000234,10,1,E,101,2025-11-11,3500.0,56700000.0,IDR
4500000235,10,1,E,101,2025-11-12,4000.0,66400000.0,IDR
4500000236,10,1,E,101,2025-11-16,4500.0,70425000.0,IDR
4500000237,10,1,E,101,2025-11-20,4500.0,70875000.0,IDR
4500000238,10,1,E,101,2025-11-17,5500.0,90200000.0,IDR
4500000239,10,1,E,101,2025-11-20,3000.0,48450000.0,IDR
4500000240,10,1,E,101,2025-11-21,5000.0,81500000.0,IDR
4500000241,10,1,E,101,2025-11-21,6000.0,99000000.0,IDR
4500000242,10,1,E,101,2025-11-26,3350.0,56782500.0,IDR
4500000243,10,1,E,101,2025-11-29,4500.0,69525000.0,IDR
4500000244,10,1,E,101,2025-11-26,5500.0,93775000.0,IDR
4500000245,10,1,E,101,2025-11-29,4500.0,70650000.0,IDR
4500000246,10,1,E,101,2025-12-03,3500.0,54775000.0,IDR
4500000247,10,1,E,101,2025-12-02,5500.0,84700000.0,IDR
4500000248,10,1,E,101,2025-12-07,3000.0,47100000.0,IDR
4500000249,10,1,E,101,2025-12-06,4500.0,69525000.0,IDR
4500000250,10,1,E,101,2025-12-10,3500.0,54425000.0,IDR
4500000251,10,1,E,101,2025-12-11,5000.0,77250000.0,IDR
4500000252,10,1,E,101,2025-12-11,5000.0,86250000.0,IDR
4500000253,10,1,E,101,2025-12-13,6500.0,106275000.0,IDR
4500000254,10,1,E,101,2025-12-15,5500.0,90475000.0,IDR
4500000255,10,1,E,101,2025-12-19,5950.0,99365000.0,IDR
4500000256,10,1,E,101,2025-12-17,3000.0,50550000.0,IDR
4500000257,10,1,E,101,2025-12-19,7000.0,121100000.0,IDR
4500000258,10,1,E,101,2025-12-25,7500.0,124875000.0,IDR
4500000259,10,1,E,101,2025-12-27,3500.0,55825000.0,IDR
4500000260,10,1,E,101,2026-01-01,3000.0,48450000.0,IDR
4500000261,10,1,E,101,2025-12-27,4000.0,65400000.0,IDR
4500000262,10,1,E,101,2026-01-02,4000.0,64800000.0,IDR
4500000263,10,1,E,101,2025-12-31,3500.0,57925000.0,IDR
4500000264,10,1,E,101,2025-12-29,5500.0,93225000.0,IDR
4500000265,10,1,E,101,2026-01-03,3500.0,56350000.0,IDR
4500000266,10,1,E,101,2026-01-14,3500.0,54425000.0,IDR
4500000267,10,1,E,101,2026-01-05,4000.0,66600000.0,IDR
4500000268,10,1,E,101,2026-01-15,4500.0,71325000.0,IDR
4500000269,10,1,E,101,2026-01-09,6000.0,100800000.0,IDR
4500000270,10,1,E,101,2026-01-12,2750.0,45100000.0,IDR
4500000271,10,1,E,101,2026-01-11,3000.0,49800000.0,IDR
4500000272,10,1,E,101,2026-01-15,8000.0,129200000.0,IDR
4500000273,10,1,E,101,2026-01-17,3500.0,56700000.0,IDR
4500000274,10,1,E,101,2026-01-18,4000.0,64600000.0,IDR
4500000275,10,1,E,101,2026-01-18,7000.0,122850000.0,IDR
4500000276,10,1,E,101,2026-01-20,4000.0,66000000.0,IDR
4500000277,10,1,E,101,2026-01-21,3000.0,51000000.0,IDR
4500000278,10,1,E,101,2026-01-22,4500.0,75600000.0,IDR
4500000279,10,1,E,101,2026-01-26,3000.0,48600000.0,IDR
4500000280,10,1,E,101,2026-01-26,6500.0,108225000.0,IDR
4500000281,10,1,E,101,2026-02-01,3500.0,56875000.0,IDR
4500000282,10,1,E,101,2026-02-02,7500.0,124500000.0,IDR
4500000283,10,1,E,101,2026-01-31,7000.0,117950000.0,IDR
4500000284,10,1,E,101,2026-02-02,4600.0,75670000.0,IDR
4500000285,10,1,E,101,2026-02-10,4000.0,63800000.0,IDR
4500000286,10,1,E,101,2026-02-04,5500.0,92675000.0,IDR
4500000287,10,1,E,101,2026-02-04,7500.0,130125000.0,IDR
4500000288,10,1,E,101,2026-02-07,7000.0,116550000.0,IDR
4500000289,10,1,E,101,2026-02-06,5000.0,86000000.0,IDR
4500000290,10,1,E,101,2026-02-12,6000.0,104400000.0,IDR
4500000291,10,1,E,101,2026-02-13,5000.0,83750000.0,IDR
4500000292,10,1,E,101,2026-02-24,7000.0,112700000.0,IDR
4500000293,10,1,E,101,2026-02-13,6500.0,112775000.0,IDR
4500000294,10,1,E,101,2026-02-19,4500.0,74250000.0,IDR
4500000295,10,1,E,101,2026-02-24,6000.0,101400000.0,IDR
4500000296,10,1,E,101,2026-02-21,4000.0,68600000.0,IDR
4500000297,10,1,E,101,2026-02-21,5500.0,92125000.0,IDR
4500000298,10,1,E,101,2026-02-25,6700.0,112560000.0,IDR
4500000299,10,1,E,101,2026-02-27,5500.0,92400000.0,IDR
4500000300,10,1,E,101,2026-02-26,3000.0,52800000.0,IDR
4500000301,10,1,E,101,2026-03-02,6000.0,99600000.0,IDR
4500000302,10,1,E,101,2026-03-03,4000.0,64800000.0,IDR
4500000303,10,1,E,101,2026-03-06,3500.0,56875000.0,IDR
4500000304,10,1,E,101,2026-03-06,4000.0,68600000.0,IDR
4500000305,10,1,E,101,2026-03-08,6500.0,113100000.0,IDR
4500000306,10,1,E,101,2026-03-12,7500.0,130500000.0,IDR
4500000307,10,1,E,101,2026-03-11,4000.0,69000000.0,IDR
4500000308,10,1,E,101,2026-03-13,6500.0,111150000.0,IDR
4500000309,10,1,E,101,2026-03-14,4000.0,70200000.0,IDR
4500000310,10,1,E,101,2026-03-15,4000.0,71600000.0,IDR
4500000311,10,1,E,101,2026-03-19,3000.0,52500000.0,IDR
4500000312,10,1,E,101,2026-03-18,8000.0,138400000.0,IDR
4500000313,10,1,E,101,2026-03-19,4000.0,72800000.0,IDR
4500000314,10,1,E,101,2026-03-22,4500.0,76950000.0,IDR
4500000315,10,1,E,101,2026-03-24,3000.0,51150000.0,IDR
4500000316,10,1,E,101,2026-03-29,5500.0,89650000.0,IDR
4500000317,10,1,E,101,2026-03-29,6000.0,105000000.0,IDR
4500000318,10,1,E,101,2026-04-03,4500.0,76950000.0,IDR
4500000319,10,1,E,101,2026-03-31,7000.0,119350000.0,IDR
4500000320,10,1,E,101,2026-04-01,3500.0,58625000.0,IDR
4500000321,10,1,E,101,2026-04-01,6000.0,107700000.0,IDR
4500000322,10,1,E,101,2026-04-02,4500.0,79650000.0,IDR
4500000323,10,1,E,101,2026-04-07,4500.0,80325000.0,IDR
4500000324,10,1,E,101,2026-04-09,6000.0,98100000.0,IDR
4500000325,10,1,E,101,2026-04-08,5000.0,90750000.0,IDR
4500000326,10,1,E,101,2026-04-20,8000.0,133600000.0,IDR
4500000327,10,1,E,101,2026-04-11,3500.0,61075000.0,IDR
4500000328,10,1,E,101,2026-04-11,8000.0,147200000.0,IDR
4500000329,10,1,E,101,2026-04-13,3500.0,61425000.0,IDR
4500000330,10,1,E,101,2026-04-14,7500.0,131250000.0,IDR
4500000331,10,1,E,101,2026-04-18,6500.0,109525000.0,IDR
4500000332,10,1,E,101,2026-04-19,7000.0,119700000.0,IDR
4500000333,10,1,E,101,2026-04-22,6600.0,114180000.0,IDR
4500000334,10,1,E,101,2026-04-24,5000.0,89000000.0,IDR
4500000335,10,1,E,101,2026-04-25,6500.0,116025000.0,IDR
4500000336,10,1,E,101,2026-05-03,7500.0,126375000.0,IDR
4500000337,10,1,E,101,2026-04-28,3000.0,50400000.0,IDR
4500000338,10,1,E,101,2026-04-26,4500.0,80550000.0,IDR
4500000339,10,1,E,101,2026-05-01,4000.0,71200000.0,IDR
4500000340,10,1,E,101,2026-05-02,8000.0,142400000.0,IDR
4500000341,10,1,E,101,2026-05-13,4500.0,77400000.0,IDR
4500000342,10,1,E,101,2026-05-08,7000.0,116900000.0,IDR
4500000343,10,1,E,101,2026-05-09,2100.0,35805000.0,IDR
4500000344,10,1,E,101,2026-05-13,7500.0,123375000.0,IDR
4500000345,10,1,E,101,2026-05-10,3500.0,60375000.0,IDR
4500000346,10,1,E,101,2026-05-15,3500.0,58100000.0,IDR
4500000347,10,1,E,101,2026-05-16,7500.0,129375000.0,IDR
4500000348,10,1,E,101,2026-05-23,4500.0,81450000.0,IDR
4500000349,10,1,E,101,2026-05-18,3500.0,60375000.0,IDR
4500000350,10,1,E,101,2026-05-23,4000.0,70200000.0,IDR
4500000351,10,1,E,101,2026-05-22,8000.0,140400000.0,IDR
4500000352,10,1,E,101,2026-05-23,3000.0,52350000.0,IDR
4500000353,10,1,E,101,2026-05-24,5000.0,89000000.0,IDR
4500000354,10,1,E,101,2026-05-27,7000.0,119700000.0,IDR
4500000355,10,1,E,101,2026-05-30,3000.0,50100000.0,IDR
4500000356,10,1,E,101,2026-06-02,7000.0,117600000.0,IDR
4500000357,10,1,E,101,2026-06-03,6000.0,100500000.0,IDR
4500000358,10,1,E,101,2026-06-06,5500.0,91575000.0,IDR
4500000359,10,1,E,101,2026-06-20,7500.0,123750000.0,IDR
4500000360,10,1,E,101,2026-06-06,8000.0,136800000.0,IDR
4500000361,10,1,E,101,2026-06-08,7000.0,121800000.0,IDR
4500000362,10,1,E,101,2026-06-08,6000.0,107400000.0,IDR
4500000363,10,1,E,101,2026-06-10,6000.0,104700000.0,IDR
4500000364,10,1,E,101,2026-06-12,4500.0,78525000.0,IDR
4500000365,10,1,E,101,2026-06-14,4500.0,78975000.0,IDR
4500000366,10,1,E,101,2026-06-16,8000.0,136400000.0,IDR
4500000367,10,1,E,101,2026-06-16,7000.0,129150000.0,IDR
4500000368,10,1,E,101,2026-06-21,3500.0,58625000.0,IDR
4500000369,10,1,E,101,2026-06-20,3000.0,51750000.0,IDR
4500000370,10,1,E,101,2026-06-23,6500.0,114400000.0,IDR
4500000371,10,1,E,101,2026-06-25,3500.0,60550000.0,IDR
4500000372,10,1,E,101,2026-06-27,7500.0,127125000.0,IDR
4500000373,10,1,E,101,2026-06-27,3000.0,52350000.0,IDR
4500000374,10,1,E,101,2026-06-26,6000.0,107100000.0,IDR
4500000375,10,1,E,101,2026-06-30,8000.0,141200000.0,IDR
4500000376,10,1,E,101,2026-07-05,6500.0,107575000.0,IDR
4500000377,10,1,E,101,2026-07-04,7600.0,131100000.0,IDR
4500000378,10,1,E,101,2026-07-05,5000.0,89000000.0,IDR
4500000379,10,1,E,101,2026-07-05,4000.0,71600000.0,IDR
4500000380,10,1,E,101,2026-07-09,1900.0,31540000.0,IDR
4500000381,10,1,E,101,2026-07-09,7000.0,122500000.0,IDR
4500000382,10,1,E,101,2026-07-12,4000.0,69600000.0,IDR
4500000383,10,1,E,101,2026-07-13,3500.0,64050000.0,IDR
4500000384,10,1,E,101,2026-07-15,6500.0,111800000.0,IDR
4500000385,10,1,E,101,2026-07-17,7000.0,122850000.0,IDR
4500000386,10,1,E,101,2026-07-17,6000.0,105000000.0,IDR
4500000387,10,1,E,101,2026-07-17,5500.0,101200000.0,IDR
4500000388,10,1,E,101,2026-07-21,5500.0,92400000.0,IDR
4500000389,10,1,E,101,2026-07-23,4000.0,67000000.0,IDR
4500000390,10,1,E,101,2026-07-22,3000.0,51300000.0,IDR
4500000391,10,1,E,101,2026-07-24,3500.0,62475000.0,IDR
4500000392,10,1,E,101,2026-07-24,6000.0,104400000.0,IDR
4500000393,10,1,E,101,2026-07-28,4000.0,68200000.0,IDR
4500000394,10,1,E,101,2026-08-08,3000.0,50850000.0,IDR
4500000395,10,1,E,101,2026-07-31,3500.0,60725000.0,IDR
4500000396,10,1,E,101,2026-08-02,3500.0,57575000.0,IDR
4500000397,10,1,E,101,2026-08-02,8000.0,141600000.0,IDR
4500000398,10,1,E,101,2026-08-05,7500.0,129750000.0,IDR
4500000399,10,1,E,101,2026-08-07,7000.0,124950000.0,IDR
4500000400,10,1,E,101,2026-08-07,5000.0,90500000.0,IDR
4500000401,10,1,E,101,2026-08-11,5500.0,91300000.0,IDR
4500000402,10,1,E,101,2026-08-12,6500.0,114725000.0,IDR
4500000403,10,1,E,101,2026-08-15,3500.0,58800000.0,IDR
4500000404,10,1,E,101,2026-08-16,6000.0,105000000.0,IDR
4500000405,10,1,E,101,2026-08-18,4000.0,67600000.0,IDR
4500000406,10,1,E,101,2026-08-22,4000.0,68400000.0,IDR
4500000407,10,1,E,101,2026-08-21,7000.0,123550000.0,IDR
4500000408,10,1,E,101,2026-08-23,5150.0,84460000.0,IDR
4500000409,10,1,E,101,2026-08-24,6500.0,115375000.0,IDR
4500000410,10,1,E,101,2026-08-27,4000.0,67000000.0,IDR
4500000411,10,1,E,101,2026-08-27,8000.0,144800000.0,IDR
4500000412,10,1,E,101,2026-08-31,5100.0,83130000.0,IDR
4500000413,10,1,E,101,2026-09-02,4000.0,66400000.0,IDR
4500000414,10,1,E,101,2026-09-03,4500.0,79425000.0,IDR
4500000415,10,1,E,101,2026-09-06,4000.0,69000000.0,IDR
4500000416,10,1,E,101,2026-09-08,7500.0,130875000.0,IDR
4500000417,10,1,E,101,2026-09-11,5000.0,87500000.0,IDR
4500000418,10,1,E,101,2026-09-12,8000.0,145200000.0,IDR
4500000419,10,1,E,101,2026-09-12,5500.0,95975000.0,IDR
4500000420,10,1,E,101,2026-09-17,6000.0,99600000.0,IDR
4500000421,10,1,E,101,2026-09-15,7000.0,122850000.0,IDR
4500000422,10,1,E,101,2026-09-16,7000.0,126000000.0,IDR
4500000423,10,1,E,101,2026-09-21,5000.0,85750000.0,IDR
4500000424,10,1,E,101,2026-09-22,8000.0,139600000.0,IDR
4500000425,10,1,E,101,2026-09-21,6500.0,116675000.0,IDR
4500000426,10,1,E,101,2026-09-24,6500.0,113425000.0,IDR
4500000427,10,1,E,101,2026-09-24,4000.0,72600000.0,IDR
4500000428,10,1,E,101,2026-09-28,4000.0,71400000.0,IDR
4500000429,10,1,E,101,2026-09-27,4500.0,82575000.0,IDR
