MATNR,DATE,PRICE_IDR_KG,SOURCE
RM-GULA-001,2024-09-26,16450.0,"PIHPS Bank Indonesia, Pedagang Besar, x1.0, forward-filled"
RM-GULA-001,2024-09-27,16450.0,"PIHPS Bank Indonesia, Pedagang Besar, x1.0, forward-filled"
RM-GULA-001,2024-09-28,16450.0,"PIHPS Bank Indonesia, Pedagang Besar, x1.0, forward-filled"
RM-GULA-001,2024-09-29,16450.0,"PIHPS Bank Indonesia, Pedagang Besar, x1.0, forward-filled"
RM-GULA-001,2024-09-30,16450.0,"PIHPS Bank Indonesia, Pedagang Besar, x1.0, forward-filled"
RM-GULA-001,2024-10-01,16450.0,"PIHPS Bank Indonesia, Pedagang Besar, x1.0, forward-filled"
RM-GULA-001,2024-10-02,16450.0,"PIHPS Bank Indonesia, Pedagang Besar, x1.0, forward-filled"
RM-GULA-001,2024-10-03,16500.0,"PIHPS Bank Indonesia, Pedagang Besar, x1.0, forward-filled"
RM-GULA-001,2024-10-04,16500.0,"PIHPS Bank Indonesia, Pedagang Besar, x1.0, forward-filled"
RM-GULA-001,2024-10-05,16500.0,"PIHPS Bank Indonesia, Pedagang Besar, x1.0, forward-filled"
RM-GULA-001,2024-10-06,16500.0,"PIHPS Bank Indonesia, Pedagang Besar, x1.0, forward-filled"
RM-GULA-001,2024-10-07,16500.0,"PIHPS Bank Indonesia, Pedagang Besar, x1.0, forward-filled"
RM-GULA-001,2024-10-08,16500.0,"PIHPS Bank Indonesia, Pedagang Besar, x1.0, forward-filled"
RM-GULA-001,2024-10-09,16550.0,"PIHPS Bank Indonesia, Pedagang Besar, x1.0, forward-filled"
RM-GULA-001,2024-10-10,16550.0,"PIHPS Bank Indonesia, Pedagang Besar, x1.0, forward-filled"
RM-GULA-001,2024-10-11,16550.0,"PIHPS Bank Indonesia, Pedagang Besar, x1.0, forward-filled"
RM-GULA-001,2024-10-12,16550.0,"PIHPS Bank Indonesia, Pedagang Besar, x1.0, forward-filled"
RM-GULA-001,2024-10-13,16550.0,"PIHPS Bank Indonesia, Pedagang Besar, x1.0, forward-filled"
RM-GULA-001,2024-10-14,16550.0,"PIHPS Bank Indonesia, Pedagang Besar, x1.0, forward-filled"
RM-GULA-001,2024-10-15,16550.0,"PIHPS Bank Indonesia, Pedagang Besar, x1.0, forward-filled"
RM-GULA-001,2024-10-16,16550.0,"PIHPS Bank Indonesia, Pedagang Besar, x1.0, forward-filled"
RM-GULA-001,2024-10-17,16500.0,"PIHPS Bank Indonesia, Pedagang Besar, x1.0, forward-filled"
RM-GULA-001,2024-10-18,16500.0,"PIHPS Bank Indonesia, Pedagang Besar, x1.0, forward-filled"
RM-GULA-001,2024-10-19,16500.0,"PIHPS Bank Indonesia, Pedagang Besar, x1.0, forward-filled"
RM-GULA-001,2024-10-20,16500.0,"PIHPS Bank Indonesia, Pedagang Besar, x1.0, forward-filled"
RM-GULA-001,2024-10-21,16500.0,"PIHPS Bank Indonesia, Pedagang Besar, x1.0, forward-filled"
RM-GULA-001,2024-10-22,16500.0,"PIHPS Bank Indonesia, Pedagang Besar, x1.0, forward-filled"
RM-GULA-001,2024-10-23,16500.0,"PIHPS Bank Indonesia, Pedagang Besar, x1.0, forward-filled"
RM-GULA-001,2024-10-24,16550.0,"PIHPS Bank Indonesia, Pedagang Besar, x1.0, forward-filled"
RM-GULA-001,2024-10-25,16550.0,"PIHPS Bank Indonesia, Pedagang Besar, x1.0, forward-filled"
RM-GULA-001,2024-10-26,16550.0,"PIHPS Bank Indonesia, Pedagang Besar, x1.0, forward-filled"
RM-GULA-001,2024-10-27,16550.0,"PIHPS Bank Indonesia, Pedagang Besar, x1.0, forward-filled"
RM-GULA-001,2024-10-28,16550.0,"PIHPS Bank Indonesia, Pedagang Besar, x1.0, forward-filled"
RM-GULA-001,2024-10-29,16550.0,"PIHPS Bank Indonesia, Pedagang Besar, x1.0, forward-filled"
RM-GULA-001,2024-10-30,16550.0,"PIHPS Bank Indonesia, Pedagang Besar, x1.0, forward-filled"
RM-GULA-001,2024-10-31,16550.0,"PIHPS Bank Indonesia, Pedagang Besar, x1.0, forward-filled"
RM-GULA-001,2024-11-01,16500.0,"PIHPS Bank Indonesia, Pedagang Besar, x1.0, forward-filled"
RM-GULA-001,2024-11-02,16500.0,"PIHPS Bank Indonesia, Pedagang Besar, x1.0, forward-filled"
RM-GULA-001,2024-11-03,16500.0,"PIHPS Bank Indonesia, Pedagang Besar, x1.0, forward-filled"
RM-GULA-001,2024-11-04,16500.0,"PIHPS Bank Indonesia, Pedagang Besar, x1.0, forward-filled"
RM-GULA-001,2024-11-05,16500.0,"PIHPS Bank Indonesia, Pedagang Besar, x1.0, forward-filled"
RM-GULA-001,2024-11-06,16500.0,"PIHPS Bank Indonesia, Pedagang Besar, x1.0, forward-filled"
RM-GULA-001,2024-11-07,16500.0,"PIHPS Bank Indonesia, Pedagang Besar, x1.0, forward-filled"
RM-GULA-001,2024-11-08,16500.0,"PIHPS Bank Indonesia, Pedagang Besar, x1.0, forward-filled"
RM-GULA-001,2024-11-09,16500.0,"PIHPS Bank Indonesia, Pedagang Besar, x1.0, forward-filled"
RM-GULA-001,2024-11-10,16500.0,"PIHPS Bank Indonesia, Pedagang Besar, x1.0, forward-filled"
RM-GULA-001,2024-11-11,16500.0,"PIHPS Bank Indonesia, Pedagang Besar, x1.0, forward-filled"
RM-GULA-001,2024-11-12,16500.0,"PIHPS Bank Indonesia, Pedagang Besar, x1.0, forward-filled"
RM-GULA-001,2024-11-13,16500.0,"PIHPS Bank Indonesia, Pedagang Besar, x1.0, forward-filled"
RM-GULA-001,2024-11-14,16500.0,"PIHPS Bank Indonesia, Pedagang Besar, x1.0, forward-filled"
RM-GULA-001,2024-11-15,16500.0,"PIHPS Bank Indonesia, Pedagang Besar, x1.0, forward-filled"
RM-GULA-001,2024-11-16,16500.0,"PIHPS Bank Indonesia, Pedagang Besar, x1.0, forward-filled"
RM-GULA-001,2024-11-17,16500.0,"PIHPS Bank Indonesia, Pedagang Besar, x1.0, forward-filled"
RM-GULA-001,2024-11-18,16500.0,"PIHPS Bank Indonesia, Pedagang Besar, x1.0, forward-filled"
RM-GULA-001,2024-11-19,16500.0,"PIHPS Bank Indonesia, Pedagang Besar, x1.0, forward-filled"
RM-GULA-001,2024-11-20,16500.0,"PIHPS Bank Indonesia, Pedagang Besar, x1.0, forward-filled"
RM-GULA-001,2024-11-21,16500.0,"PIHPS Bank Indonesia, Pedagang Besar, x1.0, forward-filled"
RM-GULA-001,2024-11-22,16500.0,"PIHPS Bank Indonesia, Pedagang Besar, x1.0, forward-filled"
RM-GULA-001,2024-11-23,16500.0,"PIHPS Bank Indonesia, Pedagang Besar, x1.0, forward-filled"
RM-GULA-001,2024-11-24,16500.0,"PIHPS Bank Indonesia, Pedagang Besar, x1.0, forward-filled"
RM-GULA-001,2024-11-25,16500.0,"PIHPS Bank Indonesia, Pedagang Besar, x1.0, forward-filled"
RM-GULA-001,2024-11-26,16500.0,"PIHPS Bank Indonesia, Pedagang Besar, x1.0, forward-filled"
RM-GULA-001,2024-11-27,16500.0,"PIHPS Bank Indonesia, Pedagang Besar, x1.0, forward-filled"
RM-GULA-001,2024-11-28,16550.0,"PIHPS Bank Indonesia, Pedagang Besar, x1.0, forward-filled"
RM-GULA-001,2024-11-29,16550.0,"PIHPS Bank Indonesia, Pedagang Besar, x1.0, forward-filled"
RM-GULA-001,2024-11-30,16550.0,"PIHPS Bank Indonesia, Pedagang Besar, x1.0, forward-filled"
RM-GULA-001,2024-12-01,16550.0,"PIHPS Bank Indonesia, Pedagang Besar, x1.0, forward-filled"
RM-GULA-001,2024-12-02,16550.0,"PIHPS Bank Indonesia, Pedagang Besar, x1.0, forward-filled"
RM-GULA-001,2024-12-03,16550.0,"PIHPS Bank Indonesia, Pedagang Besar, x1.0, forward-filled"
RM-GULA-001,2024-12-04,16550.0,"PIHPS Bank Indonesia, Pedagang Besar, x1.0, forward-filled"
RM-GULA-001,2024-12-05,16550.0,"PIHPS Bank Indonesia, Pedagang Besar, x1.0, forward-filled"
RM-GULA-001,2024-12-06,16550.0,"PIHPS Bank Indonesia, Pedagang Besar, x1.0, forward-filled"
RM-GULA-001,2024-12-07,16550.0,"PIHPS Bank Indonesia, Pedagang Besar, x1.0, forward-filled"
RM-GULA-001,2024-12-08,16550.0,"PIHPS Bank Indonesia, Pedagang Besar, x1.0, forward-filled"
RM-GULA-001,2024-12-09,16550.0,"PIHPS Bank Indonesia, Pedagang Besar, x1.0, forward-filled"
RM-GULA-001,2024-12-10,16550.0,"PIHPS Bank Indonesia, Pedagang Besar, x1.0, forward-filled"
RM-GULA-001,2024-12-11,16550.0,"PIHPS Bank Indonesia, Pedagang Besar, x1.0, forward-filled"
RM-GULA-001,2024-12-12,16550.0,"PIHPS Bank Indonesia, Pedagang Besar, x1.0, forward-filled"
RM-GULA-001,2024-12-13,16550.0,"PIHPS Bank Indonesia, Pedagang Besar, x1.0, forward-filled"
RM-GULA-001,2024-12-14,16550.0,"PIHPS Bank Indonesia, Pedagang Besar, x1.0, forward-filled"
RM-GULA-001,2024-12-15,16550.0,"PIHPS Bank Indonesia, Pedagang Besar, x1.0, forward-filled"
RM-GULA-001,2024-12-16,16550.0,"PIHPS Bank Indonesia, Pedagang Besar, x1.0, forward-filled"
RM-GULA-001,2024-12-17,16550.0,"PIHPS Bank Indonesia, Pedagang Besar, x1.0, forward-filled"
RM-GULA-001,2024-12-18,16550.0,"PIHPS Bank Indonesia, Pedagang Besar, x1.0, forward-filled"
RM-GULA-001,2024-12-19,16650.0,"PIHPS Bank Indonesia, Pedagang Besar, x1.0, forward-filled"
RM-GULA-001,2024-12-20,16650.0,"PIHPS Bank Indonesia, Pedagang Besar, x1.0, forward-filled"
RM-GULA-001,2024-12-21,16650.0,"PIHPS Bank Indonesia, Pedagang Besar, x1.0, forward-filled"
RM-GULA-001,2024-12-22,16650.0,"PIHPS Bank Indonesia, Pedagang Besar, x1.0, forward-filled"
RM-GULA-001,2024-12-23,16650.0,"PIHPS Bank Indonesia, Pedagang Besar, x1.0, forward-filled"
RM-GULA-001,2024-12-24,16650.0,"PIHPS Bank Indonesia, Pedagang Besar, x1.0, forward-filled"
RM-GULA-001,2024-12-25,16650.0,"PIHPS Bank Indonesia, Pedagang Besar, x1.0, forward-filled"
RM-GULA-001,2024-12-26,16650.0,"PIHPS Bank Indonesia, Pedagang Besar, x1.0, forward-filled"
RM-GULA-001,2024-12-27,16700.0,"PIHPS Bank Indonesia, Pedagang Besar, x1.0, forward-filled"
RM-GULA-001,2024-12-28,16700.0,"PIHPS Bank Indonesia, Pedagang Besar, x1.0, forward-filled"
RM-GULA-001,2024-12-29,16700.0,"PIHPS Bank Indonesia, Pedagang Besar, x1.0, forward-filled"
RM-GULA-001,2024-12-30,16700.0,"PIHPS Bank Indonesia, Pedagang Besar, x1.0, forward-filled"
RM-GULA-001,2024-12-31,16700.0,"PIHPS Bank Indonesia, Pedagang Besar, x1.0, forward-filled"
RM-GULA-001,2025-01-01,16650.0,"PIHPS Bank Indonesia, Pedagang Besar, x1.0, forward-filled"
RM-GULA-001,2025-01-02,16650.0,"PIHPS Bank Indonesia, Pedagang Besar, x1.0, forward-filled"
RM-GULA-001,2025-01-03,16650.0,"PIHPS Bank Indonesia, Pedagang Besar, x1.0, forward-filled"
RM-GULA-001,2025-01-04,16650.0,"PIHPS Bank Indonesia, Pedagang Besar, x1.0, forward-filled"
RM-GULA-001,2025-01-05,16650.0,"PIHPS Bank Indonesia, Pedagang Besar, x1.0, forward-filled"
RM-GULA-001,2025-01-06,16650.0,"PIHPS Bank Indonesia, Pedagang Besar, x1.0, forward-filled"
RM-GULA-001,2025-01-07,16650.0,"PIHPS Bank Indonesia, Pedagang Besar, x1.0, forward-filled"
RM-GULA-001,2025-01-08,16650.0,"PIHPS Bank Indonesia, Pedagang Besar, x1.0, forward-filled"
RM-GULA-001,2025-01-09,16850.0,"PIHPS Bank Indonesia, Pedagang Besar, x1.0, forward-filled"
RM-GULA-001,2025-01-10,16850.0,"PIHPS Bank Indonesia, Pedagang Besar, x1.0, forward-filled"
RM-GULA-001,2025-01-11,16850.0,"PIHPS Bank Indonesia, Pedagang Besar, x1.0, forward-filled"
RM-GULA-001,2025-01-12,16850.0,"PIHPS Bank Indonesia, Pedagang Besar, x1.0, forward-filled"
RM-GULA-001,2025-01-13,16850.0,"PIHPS Bank Indonesia, Pedagang Besar, x1.0, forward-filled"
RM-GULA-001,2025-01-14,16850.0,"PIHPS Bank Indonesia, Pedagang Besar, x1.0, forward-filled"
RM-GULA-001,2025-01-15,16850.0,"PIHPS Bank Indonesia, Pedagang Besar, x1.0, forward-filled"
RM-GULA-001,2025-01-16,17000.0,"PIHPS Bank Indonesia, Pedagang Besar, x1.0, forward-filled"
RM-GULA-001,2025-01-17,17000.0,"PIHPS Bank Indonesia, Pedagang Besar, x1.0, forward-filled"
RM-GULA-001,2025-01-18,17000.0,"PIHPS Bank Indonesia, Pedagang Besar, x1.0, forward-filled"
RM-GULA-001,2025-01-19,17000.0,"PIHPS Bank Indonesia, Pedagang Besar, x1.0, forward-filled"
RM-GULA-001,2025-01-20,17000.0,"PIHPS Bank Indonesia, Pedagang Besar, x1.0, forward-filled"
RM-GULA-001,2025-01-21,17000.0,"PIHPS Bank Indonesia, Pedagang Besar, x1.0, forward-filled"
RM-GULA-001,2025-01-22,17000.0,"PIHPS Bank Indonesia, Pedagang Besar, x1.0, forward-filled"
RM-GULA-001,2025-01-23,17050.0,"PIHPS Bank Indonesia, Pedagang Besar, x1.0, forward-filled"
RM-GULA-001,2025-01-24,17050.0,"PIHPS Bank Indonesia, Pedagang Besar, x1.0, forward-filled"
RM-GULA-001,2025-01-25,17050.0,"PIHPS Bank Indonesia, Pedagang Besar, x1.0, forward-filled"
RM-GULA-001,2025-01-26,17050.0,"PIHPS Bank Indonesia, Pedagang Besar, x1.0, forward-filled"
RM-GULA-001,2025-01-27,17050.0,"PIHPS Bank Indonesia, Pedagang Besar, x1.0, forward-filled"
RM-GULA-001,2025-01-28,17050.0,"PIHPS Bank Indonesia, Pedagang Besar, x1.0, forward-filled"
RM-GULA-001,2025-01-29,17050.0,"PIHPS Bank Indonesia, Pedagang Besar, x1.0, forward-filled"
RM-GULA-001,2025-01-30,17100.0,"PIHPS Bank Indonesia, Pedagang Besar, x1.0, forward-filled"
RM-GULA-001,2025-01-31,17100.0,"PIHPS Bank Indonesia, Pedagang Besar, x1.0, forward-filled"
RM-GULA-001,2025-02-01,17100.0,"PIHPS Bank Indonesia, Pedagang Besar, x1.0, forward-filled"
RM-GULA-001,2025-02-02,17100.0,"PIHPS Bank Indonesia, Pedagang Besar, x1.0, forward-filled"
RM-GULA-001,2025-02-03,17100.0,"PIHPS Bank Indonesia, Pedagang Besar, x1.0, forward-filled"
RM-GULA-001,2025-02-04,17100.0,"PIHPS Bank Indonesia, Pedagang Besar, x1.0, forward-filled"
RM-GULA-001,2025-02-05,17100.0,"PIHPS Bank Indonesia, Pedagang Besar, x1.0, forward-filled"
RM-GULA-001,2025-02-06,17100.0,"PIHPS Bank Indonesia, Pedagang Besar, x1.0, forward-filled"
RM-GULA-001,2025-02-07,17100.0,"PIHPS Bank Indonesia, Pedagang Besar, x1.0, forward-filled"
RM-GULA-001,2025-02-08,17100.0,"PIHPS Bank Indonesia, Pedagang Besar, x1.0, forward-filled"
RM-GULA-001,2025-02-09,17100.0,"PIHPS Bank Indonesia, Pedagang Besar, x1.0, forward-filled"
RM-GULA-001,2025-02-10,17100.0,"PIHPS Bank Indonesia, Pedagang Besar, x1.0, forward-filled"
RM-GULA-001,2025-02-11,17100.0,"PIHPS Bank Indonesia, Pedagang Besar, x1.0, forward-filled"
RM-GULA-001,2025-02-12,17100.0,"PIHPS Bank Indonesia, Pedagang Besar, x1.0, forward-filled"
RM-GULA-001,2025-02-13,17150.0,"PIHPS Bank Indonesia, Pedagang Besar, x1.0, forward-filled"
RM-GULA-001,2025-02-14,17150.0,"PIHPS Bank Indonesia, Pedagang Besar, x1.0, forward-filled"
RM-GULA-001,2025-02-15,17150.0,"PIHPS Bank Indonesia, Pedagang Besar, x1.0, forward-filled"
RM-GULA-001,2025-02-16,17150.0,"PIHPS Bank Indonesia, Pedagang Besar, x1.0, forward-filled"
RM-GULA-001,2025-02-17,17150.0,"PIHPS Bank Indonesia, Pedagang Besar, x1.0, forward-filled"
RM-GULA-001,2025-02-18,17150.0,"PIHPS Bank Indonesia, Pedagang Besar, x1.0, forward-filled"
RM-GULA-001,2025-02-19,17150.0,"PIHPS Bank Indonesia, Pedagang Besar, x1.0, forward-filled"
RM-GULA-001,2025-02-20,17150.0,"PIHPS Bank Indonesia, Pedagang Besar, x1.0, forward-filled"
RM-GULA-001,2025-02-21,17150.0,"PIHPS Bank Indonesia, Pedagang Besar, x1.0, forward-filled"
RM-GULA-001,2025-02-22,17150.0,"PIHPS Bank Indonesia, Pedagang Besar, x1.0, forward-filled"
RM-GULA-001,2025-02-23,17150.0,"PIHPS Bank Indonesia, Pedagang Besar, x1.0, forward-filled"
RM-GULA-001,2025-02-24,17150.0,"PIHPS Bank Indonesia, Pedagang Besar, x1.0, forward-filled"
RM-GULA-001,2025-02-25,17150.0,"PIHPS Bank Indonesia, Pedagang Besar, x1.0, forward-filled"
RM-GULA-001,2025-02-26,17150.0,"PIHPS Bank Indonesia, Pedagang Besar, x1.0, forward-filled"
RM-GULA-001,2025-02-27,17300.0,"PIHPS Bank Indonesia, Pedagang Besar, x1.0, forward-filled"
RM-GULA-001,2025-02-28,17300.0,"PIHPS Bank Indonesia, Pedagang Besar, x1.0, forward-filled"
RM-GULA-001,2025-03-01,17300.0,"PIHPS Bank Indonesia, Pedagang Besar, x1.0, forward-filled"
RM-GULA-001,2025-03-02,17300.0,"PIHPS Bank Indonesia, Pedagang Besar, x1.0, forward-filled"
RM-GULA-001,2025-03-03,17300.0,"PIHPS Bank Indonesia, Pedagang Besar, x1.0, forward-filled"
RM-GULA-001,2025-03-04,17300.0,"PIHPS Bank Indonesia, Pedagang Besar, x1.0, forward-filled"
RM-GULA-001,2025-03-05,17300.0,"PIHPS Bank Indonesia, Pedagang Besar, x1.0, forward-filled"
RM-GULA-001,2025-03-06,17300.0,"PIHPS Bank Indonesia, Pedagang Besar, x1.0, forward-filled"
RM-GULA-001,2025-03-07,17300.0,"PIHPS Bank Indonesia, Pedagang Besar, x1.0, forward-filled"
RM-GULA-001,2025-03-08,17300.0,"PIHPS Bank Indonesia, Pedagang Besar, x1.0, forward-filled"
RM-GULA-001,2025-03-09,17300.0,"PIHPS Bank Indonesia, Pedagang Besar, x1.0, forward-filled"
RM-GULA-001,2025-03-10,17300.0,"PIHPS Bank Indonesia, Pedagang Besar, x1.0, forward-filled"
RM-GULA-001,2025-03-11,17300.0,"PIHPS Bank Indonesia, Pedagang Besar, x1.0, forward-filled"
RM-GULA-001,2025-03-12,17300.0,"PIHPS Bank Indonesia, Pedagang Besar, x1.0, forward-filled"
RM-GULA-001,2025-03-13,17300.0,"PIHPS Bank Indonesia, Pedagang Besar, x1.0, forward-filled"
RM-GULA-001,2025-03-14,17300.0,"PIHPS Bank Indonesia, Pedagang Besar, x1.0, forward-filled"
RM-GULA-001,2025-03-15,17300.0,"PIHPS Bank Indonesia, Pedagang Besar, x1.0, forward-filled"
RM-GULA-001,2025-03-16,17300.0,"PIHPS Bank Indonesia, Pedagang Besar, x1.0, forward-filled"
RM-GULA-001,2025-03-17,17300.0,"PIHPS Bank Indonesia, Pedagang Besar, x1.0, forward-filled"
RM-GULA-001,2025-03-18,17300.0,"PIHPS Bank Indonesia, Pedagang Besar, x1.0, forward-filled"
RM-GULA-001,2025-03-19,17300.0,"PIHPS Bank Indonesia, Pedagang Besar, x1.0, forward-filled"
RM-GULA-001,2025-03-20,17350.0,"PIHPS Bank Indonesia, Pedagang Besar, x1.0, forward-filled"
RM-GULA-001,2025-03-21,17350.0,"PIHPS Bank Indonesia, Pedagang Besar, x1.0, forward-filled"
RM-GULA-001,2025-03-22,17350.0,"PIHPS Bank Indonesia, Pedagang Besar, x1.0, forward-filled"
RM-GULA-001,2025-03-23,17350.0,"PIHPS Bank Indonesia, Pedagang Besar, x1.0, forward-filled"
RM-GULA-001,2025-03-24,17350.0,"PIHPS Bank Indonesia, Pedagang Besar, x1.0, forward-filled"
RM-GULA-001,2025-03-25,17350.0,"PIHPS Bank Indonesia, Pedagang Besar, x1.0, forward-filled"
RM-GULA-001,2025-03-26,17350.0,"PIHPS Bank Indonesia, Pedagang Besar, x1.0, forward-filled"
RM-GULA-001,2025-03-27,17350.0,"PIHPS Bank Indonesia, Pedagang Besar, x1.0, forward-filled"
RM-GULA-001,2025-03-28,17300.0,"PIHPS Bank Indonesia, Pedagang Besar, x1.0, forward-filled"
RM-GULA-001,2025-03-29,17300.0,"PIHPS Bank Indonesia, Pedagang Besar, x1.0, forward-filled"
RM-GULA-001,2025-03-30,17300.0,"PIHPS Bank Indonesia, Pedagang Besar, x1.0, forward-filled"
RM-GULA-001,2025-03-31,17300.0,"PIHPS Bank Indonesia, Pedagang Besar, x1.0, forward-filled"
RM-GULA-001,2025-04-01,17350.0,"PIHPS Bank Indonesia, Pedagang Besar, x1.0, forward-filled"
RM-GULA-001,2025-04-02,17350.0,"PIHPS Bank Indonesia, Pedagang Besar, x1.0, forward-filled"
RM-GULA-001,2025-04-03,17350.0,"PIHPS Bank Indonesia, Pedagang Besar, x1.0, forward-filled"
RM-GULA-001,2025-04-04,17350.0,"PIHPS Bank Indonesia, Pedagang Besar, x1.0, forward-filled"
RM-GULA-001,2025-04-05,17350.0,"PIHPS Bank Indonesia, Pedagang Besar, x1.0, forward-filled"
RM-GULA-001,2025-04-06,17350.0,"PIHPS Bank Indonesia, Pedagang Besar, x1.0, forward-filled"
RM-GULA-001,2025-04-07,17350.0,"PIHPS Bank Indonesia, Pedagang Besar, x1.0, forward-filled"
RM-GULA-001,2025-04-08,17350.0,"PIHPS Bank Indonesia, Pedagang Besar, x1.0, forward-filled"
RM-GULA-001,2025-04-09,17350.0,"PIHPS Bank Indonesia, Pedagang Besar, x1.0, forward-filled"
RM-GULA-001,2025-04-10,17400.0,"PIHPS Bank Indonesia, Pedagang Besar, x1.0, forward-filled"
RM-GULA-001,2025-04-11,17400.0,"PIHPS Bank Indonesia, Pedagang Besar, x1.0, forward-filled"
RM-GULA-001,2025-04-12,17400.0,"PIHPS Bank Indonesia, Pedagang Besar, x1.0, forward-filled"
RM-GULA-001,2025-04-13,17400.0,"PIHPS Bank Indonesia, Pedagang Besar, x1.0, forward-filled"
RM-GULA-001,2025-04-14,17400.0,"PIHPS Bank Indonesia, Pedagang Besar, x1.0, forward-filled"
RM-GULA-001,2025-04-15,17400.0,"PIHPS Bank Indonesia, Pedagang Besar, x1.0, forward-filled"
RM-GULA-001,2025-04-16,17400.0,"PIHPS Bank Indonesia, Pedagang Besar, x1.0, forward-filled"
RM-GULA-001,2025-04-17,17400.0,"PIHPS Bank Indonesia, Pedagang Besar, x1.0, forward-filled"
RM-GULA-001,2025-04-18,17400.0,"PIHPS Bank Indonesia, Pedagang Besar, x1.0, forward-filled"
RM-GULA-001,2025-04-19,17400.0,"PIHPS Bank Indonesia, Pedagang Besar, x1.0, forward-filled"
RM-GULA-001,2025-04-20,17400.0,"PIHPS Bank Indonesia, Pedagang Besar, x1.0, forward-filled"
RM-GULA-001,2025-04-21,17400.0,"PIHPS Bank Indonesia, Pedagang Besar, x1.0, forward-filled"
RM-GULA-001,2025-04-22,17400.0,"PIHPS Bank Indonesia, Pedagang Besar, x1.0, forward-filled"
RM-GULA-001,2025-04-23,17400.0,"PIHPS Bank Indonesia, Pedagang Besar, x1.0, forward-filled"
RM-GULA-001,2025-04-24,17400.0,"PIHPS Bank Indonesia, Pedagang Besar, x1.0, forward-filled"
RM-GULA-001,2025-04-25,17400.0,"PIHPS Bank Indonesia, Pedagang Besar, x1.0, forward-filled"
RM-GULA-001,2025-04-26,17400.0,"PIHPS Bank Indonesia, Pedagang Besar, x1.0, forward-filled"
RM-GULA-001,2025-04-27,17400.0,"PIHPS Bank Indonesia, Pedagang Besar, x1.0, forward-filled"
RM-GULA-001,2025-04-28,17400.0,"PIHPS Bank Indonesia, Pedagang Besar, x1.0, forward-filled"
RM-GULA-001,2025-04-29,17400.0,"PIHPS Bank Indonesia, Pedagang Besar, x1.0, forward-filled"
RM-GULA-001,2025-04-30,17400.0,"PIHPS Bank Indonesia, Pedagang Besar, x1.0, forward-filled"
RM-GULA-001,2025-05-01,17350.0,"PIHPS Bank Indonesia, Pedagang Besar, x1.0, forward-filled"
RM-GULA-001,2025-05-02,17350.0,"PIHPS Bank Indonesia, Pedagang Besar, x1.0, forward-filled"
RM-GULA-001,2025-05-03,17350.0,"PIHPS Bank Indonesia, Pedagang Besar, x1.0, forward-filled"
RM-GULA-001,2025-05-04,17350.0,"PIHPS Bank Indonesia, Pedagang Besar, x1.0, forward-filled"
RM-GULA-001,2025-05-05,17350.0,"PIHPS Bank Indonesia, Pedagang Besar, x1.0, forward-filled"
RM-GULA-001,2025-05-06,17350.0,"PIHPS Bank Indonesia, Pedagang Besar, x1.0, forward-filled"
RM-GULA-001,2025-05-07,17350.0,"PIHPS Bank Indonesia, Pedagang Besar, x1.0, forward-filled"
RM-GULA-001,2025-05-08,17300.0,"PIHPS Bank Indonesia, Pedagang Besar, x1.0, forward-filled"
RM-GULA-001,2025-05-09,17300.0,"PIHPS Bank Indonesia, Pedagang Besar, x1.0, forward-filled"
RM-GULA-001,2025-05-10,17300.0,"PIHPS Bank Indonesia, Pedagang Besar, x1.0, forward-filled"
RM-GULA-001,2025-05-11,17300.0,"PIHPS Bank Indonesia, Pedagang Besar, x1.0, forward-filled"
RM-GULA-001,2025-05-12,17300.0,"PIHPS Bank Indonesia, Pedagang Besar, x1.0, forward-filled"
RM-GULA-001,2025-05-13,17300.0,"PIHPS Bank Indonesia, Pedagang Besar, x1.0, forward-filled"
RM-GULA-001,2025-05-14,17300.0,"PIHPS Bank Indonesia, Pedagang Besar, x1.0, forward-filled"
RM-GULA-001,2025-05-15,17200.0,"PIHPS Bank Indonesia, Pedagang Besar, x1.0, forward-filled"
RM-GULA-001,2025-05-16,17200.0,"PIHPS Bank Indonesia, Pedagang Besar, x1.0, forward-filled"
RM-GULA-001,2025-05-17,17200.0,"PIHPS Bank Indonesia, Pedagang Besar, x1.0, forward-filled"
RM-GULA-001,2025-05-18,17200.0,"PIHPS Bank Indonesia, Pedagang Besar, x1.0, forward-filled"
RM-GULA-001,2025-05-19,17200.0,"PIHPS Bank Indonesia, Pedagang Besar, x1.0, forward-filled"
RM-GULA-001,2025-05-20,17200.0,"PIHPS Bank Indonesia, Pedagang Besar, x1.0, forward-filled"
RM-GULA-001,2025-05-21,17200.0,"PIHPS Bank Indonesia, Pedagang Besar, x1.0, forward-filled"
RM-GULA-001,2025-05-22,17100.0,"PIHPS Bank Indonesia, Pedagang Besar, x1.0, forward-filled"
RM-GULA-001,2025-05-23,17100.0,"PIHPS Bank Indonesia, Pedagang Besar, x1.0, forward-filled"
RM-GULA-001,2025-05-24,17100.0,"PIHPS Bank Indonesia, Pedagang Besar, x1.0, forward-filled"
RM-GULA-001,2025-05-25,17100.0,"PIHPS Bank Indonesia, Pedagang Besar, x1.0, forward-filled"
RM-GULA-001,2025-05-26,17100.0,"PIHPS Bank Indonesia, Pedagang Besar, x1.0, forward-filled"
RM-GULA-001,2025-05-27,17100.0,"PIHPS Bank Indonesia, Pedagang Besar, x1.0, forward-filled"
RM-GULA-001,2025-05-28,17100.0,"PIHPS Bank Indonesia, Pedagang Besar, x1.0, forward-filled"
RM-GULA-001,2025-05-29,17100.0,"PIHPS Bank Indonesia, Pedagang Besar, x1.0, forward-filled"
RM-GULA-001,2025-05-30,17100.0,"PIHPS Bank Indonesia, Pedagang Besar, x1.0, forward-filled"
RM-GULA-001,2025-05-31,17100.0,"PIHPS Bank Indonesia, Pedagang Besar, x1.0, forward-filled"
RM-GULA-001,2025-06-01,17100.0,"PIHPS Bank Indonesia, Pedagang Besar, x1.0, forward-filled"
RM-GULA-001,2025-06-02,17100.0,"PIHPS Bank Indonesia, Pedagang Besar, x1.0, forward-filled"
RM-GULA-001,2025-06-03,17100.0,"PIHPS Bank Indonesia, Pedagang Besar, x1.0, forward-filled"
RM-GULA-001,2025-06-04,17100.0,"PIHPS Bank Indonesia, Pedagang Besar, x1.0, forward-filled"
RM-GULA-001,2025-06-05,17100.0,"PIHPS Bank Indonesia, Pedagang Besar, x1.0, forward-filled"
RM-GULA-001,2025-06-06,17100.0,"PIHPS Bank Indonesia, Pedagang Besar, x1.0, forward-filled"
RM-GULA-001,2025-06-07,17100.0,"PIHPS Bank Indonesia, Pedagang Besar, x1.0, forward-filled"
RM-GULA-001,2025-06-08,17100.0,"PIHPS Bank Indonesia, Pedagang Besar, x1.0, forward-filled"
RM-GULA-001,2025-06-09,17100.0,"PIHPS Bank Indonesia, Pedagang Besar, x1.0, forward-filled"
RM-GULA-001,2025-06-10,17100.0,"PIHPS Bank Indonesia, Pedagang Besar, x1.0, forward-filled"
RM-GULA-001,2025-06-11,17100.0,"PIHPS Bank Indonesia, Pedagang Besar, x1.0, forward-filled"
RM-GULA-001,2025-06-12,17000.0,"PIHPS Bank Indonesia, Pedagang Besar, x1.0, forward-filled"
RM-GULA-001,2025-06-13,17000.0,"PIHPS Bank Indonesia, Pedagang Besar, x1.0, forward-filled"
RM-GULA-001,2025-06-14,17000.0,"PIHPS Bank Indonesia, Pedagang Besar, x1.0, forward-filled"
RM-GULA-001,2025-06-15,17000.0,"PIHPS Bank Indonesia, Pedagang Besar, x1.0, forward-filled"
RM-GULA-001,2025-06-16,17000.0,"PIHPS Bank Indonesia, Pedagang Besar, x1.0, forward-filled"
RM-GULA-001,2025-06-17,17000.0,"PIHPS Bank Indonesia, Pedagang Besar, x1.0, forward-filled"
RM-GULA-001,2025-06-18,17000.0,"PIHPS Bank Indonesia, Pedagang Besar, x1.0, forward-filled"
RM-GULA-001,2025-06-19,16950.0,"PIHPS Bank Indonesia, Pedagang Besar, x1.0, forward-filled"
RM-GULA-001,2025-06-20,16950.0,"PIHPS Bank Indonesia, Pedagang Besar, x1.0, forward-filled"
RM-GULA-001,2025-06-21,16950.0,"PIHPS Bank Indonesia, Pedagang Besar, x1.0, forward-filled"
RM-GULA-001,2025-06-22,16950.0,"PIHPS Bank Indonesia, Pedagang Besar, x1.0, forward-filled"
RM-GULA-001,2025-06-23,16950.0,"PIHPS Bank Indonesia, Pedagang Besar, x1.0, forward-filled"
RM-GULA-001,2025-06-24,16950.0,"PIHPS Bank Indonesia, Pedagang Besar, x1.0, forward-filled"
RM-GULA-001,2025-06-25,16950.0,"PIHPS Bank Indonesia, Pedagang Besar, x1.0, forward-filled"
RM-GULA-001,2025-06-26,16850.0,"PIHPS Bank Indonesia, Pedagang Besar, x1.0, forward-filled"
RM-GULA-001,2025-06-27,16850.0,"PIHPS Bank Indonesia, Pedagang Besar, x1.0, forward-filled"
RM-GULA-001,2025-06-28,16850.0,"PIHPS Bank Indonesia, Pedagang Besar, x1.0, forward-filled"
RM-GULA-001,2025-06-29,16850.0,"PIHPS Bank Indonesia, Pedagang Besar, x1.0, forward-filled"
RM-GULA-001,2025-06-30,16850.0,"PIHPS Bank Indonesia, Pedagang Besar, x1.0, forward-filled"
RM-GULA-001,2025-07-01,16850.0,"PIHPS Bank Indonesia, Pedagang Besar, x1.0, forward-filled"
RM-GULA-001,2025-07-02,16850.0,"PIHPS Bank Indonesia, Pedagang Besar, x1.0, forward-filled"
RM-GULA-001,2025-07-03,16800.0,"PIHPS Bank Indonesia, Pedagang Besar, x1.0, forward-filled"
RM-GULA-001,2025-07-04,16800.0,"PIHPS Bank Indonesia, Pedagang Besar, x1.0, forward-filled"
RM-GULA-001,2025-07-05,16800.0,"PIHPS Bank Indonesia, Pedagang Besar, x1.0, forward-filled"
RM-GULA-001,2025-07-06,16800.0,"PIHPS Bank Indonesia, Pedagang Besar, x1.0, forward-filled"
RM-GULA-001,2025-07-07,16800.0,"PIHPS Bank Indonesia, Pedagang Besar, x1.0, forward-filled"
RM-GULA-001,2025-07-08,16800.0,"PIHPS Bank Indonesia, Pedagang Besar, x1.0, forward-filled"
RM-GULA-001,2025-07-09,16800.0,"PIHPS Bank Indonesia, Pedagang Besar, x1.0, forward-filled"
RM-GULA-001,2025-07-10,16750.0,"PIHPS Bank Indonesia, Pedagang Besar, x1.0, forward-filled"
RM-GULA-001,2025-07-11,16700.0,"PIHPS Bank Indonesia, Pedagang Besar, x1.0, forward-filled"
RM-GULA-001,2025-07-12,16700.0,"PIHPS Bank Indonesia, Pedagang Besar, x1.0, forward-filled"
RM-GULA-001,2025-07-13,16700.0,"PIHPS Bank Indonesia, Pedagang Besar, x1.0, forward-filled"
RM-GULA-001,2025-07-14,16700.0,"PIHPS Bank Indonesia, Pedagang Besar, x1.0, forward-filled"
RM-GULA-001,2025-07-15,16700.0,"PIHPS Bank Indonesia, Pedagang Besar, x1.0, forward-filled"
RM-GULA-001,2025-07-16,16700.0,"PIHPS Bank Indonesia, Pedagang Besar, x1.0, forward-filled"
RM-GULA-001,2025-07-17,16650.0,"PIHPS Bank Indonesia, Pedagang Besar, x1.0, forward-filled"
RM-GULA-001,2025-07-18,16650.0,"PIHPS Bank Indonesia, Pedagang Besar, x1.0, forward-filled"
RM-GULA-001,2025-07-19,16650.0,"PIHPS Bank Indonesia, Pedagang Besar, x1.0, forward-filled"
RM-GULA-001,2025-07-20,16650.0,"PIHPS Bank Indonesia, Pedagang Besar, x1.0, forward-filled"
RM-GULA-001,2025-07-21,16650.0,"PIHPS Bank Indonesia, Pedagang Besar, x1.0, forward-filled"
RM-GULA-001,2025-07-22,16650.0,"PIHPS Bank Indonesia, Pedagang Besar, x1.0, forward-filled"
RM-GULA-001,2025-07-23,16650.0,"PIHPS Bank Indonesia, Pedagang Besar, x1.0, forward-filled"
RM-GULA-001,2025-07-24,16550.0,"PIHPS Bank Indonesia, Pedagang Besar, x1.0, forward-filled"
RM-GULA-001,2025-07-25,16550.0,"PIHPS Bank Indonesia, Pedagang Besar, x1.0, forward-filled"
RM-GULA-001,2025-07-26,16550.0,"PIHPS Bank Indonesia, Pedagang Besar, x1.0, forward-filled"
RM-GULA-001,2025-07-27,16550.0,"PIHPS Bank Indonesia, Pedagang Besar, x1.0, forward-filled"
RM-GULA-001,2025-07-28,16550.0,"PIHPS Bank Indonesia, Pedagang Besar, x1.0, forward-filled"
RM-GULA-001,2025-07-29,16550.0,"PIHPS Bank Indonesia, Pedagang Besar, x1.0, forward-filled"
RM-GULA-001,2025-07-30,16550.0,"PIHPS Bank Indonesia, Pedagang Besar, x1.0, forward-filled"
RM-GULA-001,2025-07-31,16550.0,"PIHPS Bank Indonesia, Pedagang Besar, x1.0, forward-filled"
RM-GULA-001,2025-08-01,16550.0,"PIHPS Bank Indonesia, Pedagang Besar, x1.0, forward-filled"
RM-GULA-001,2025-08-02,16550.0,"PIHPS Bank Indonesia, Pedagang Besar, x1.0, forward-filled"
RM-GULA-001,2025-08-03,16550.0,"PIHPS Bank Indonesia, Pedagang Besar, x1.0, forward-filled"
RM-GULA-001,2025-08-04,16550.0,"PIHPS Bank Indonesia, Pedagang Besar, x1.0, forward-filled"
RM-GULA-001,2025-08-05,16550.0,"PIHPS Bank Indonesia, Pedagang Besar, x1.0, forward-filled"
RM-GULA-001,2025-08-06,16550.0,"PIHPS Bank Indonesia, Pedagang Besar, x1.0, forward-filled"
RM-GULA-001,2025-08-07,16550.0,"PIHPS Bank Indonesia, Pedagang Besar, x1.0, forward-filled"
RM-GULA-001,2025-08-08,16550.0,"PIHPS Bank Indonesia, Pedagang Besar, x1.0, forward-filled"
RM-GULA-001,2025-08-09,16550.0,"PIHPS Bank Indonesia, Pedagang Besar, x1.0, forward-filled"
RM-GULA-001,2025-08-10,16550.0,"PIHPS Bank Indonesia, Pedagang Besar, x1.0, forward-filled"
RM-GULA-001,2025-08-11,16550.0,"PIHPS Bank Indonesia, Pedagang Besar, x1.0, forward-filled"
RM-GULA-001,2025-08-12,16550.0,"PIHPS Bank Indonesia, Pedagang Besar, x1.0, forward-filled"
RM-GULA-001,2025-08-13,16550.0,"PIHPS Bank Indonesia, Pedagang Besar, x1.0, forward-filled"
RM-GULA-001,2025-08-14,16500.0,"PIHPS Bank Indonesia, Pedagang Besar, x1.0, forward-filled"
RM-GULA-001,2025-08-15,16500.0,"PIHPS Bank Indonesia, Pedagang Besar, x1.0, forward-filled"
RM-GULA-001,2025-08-16,16500.0,"PIHPS Bank Indonesia, Pedagang Besar, x1.0, forward-filled"
RM-GULA-001,2025-08-17,16500.0,"PIHPS Bank Indonesia, Pedagang Besar, x1.0, forward-filled"
RM-GULA-001,2025-08-18,16500.0,"PIHPS Bank Indonesia, Pedagang Besar, x1.0, forward-filled"
RM-GULA-001,2025-08-19,16500.0,"PIHPS Bank Indonesia, Pedagang Besar, x1.0, forward-filled"
RM-GULA-001,2025-08-20,16500.0,"PIHPS Bank Indonesia, Pedagang Besar, x1.0, forward-filled"
RM-GULA-001,2025-08-21,16450.0,"PIHPS Bank Indonesia, Pedagang Besar, x1.0, forward-filled"
RM-GULA-001,2025-08-22,16450.0,"PIHPS Bank Indonesia, Pedagang Besar, x1.0, forward-filled"
RM-GULA-001,2025-08-23,16450.0,"PIHPS Bank Indonesia, Pedagang Besar, x1.0, forward-filled"
RM-GULA-001,2025-08-24,16450.0,"PIHPS Bank Indonesia, Pedagang Besar, x1.0, forward-filled"
RM-GULA-001,2025-08-25,16450.0,"PIHPS Bank Indonesia, Pedagang Besar, x1.0, forward-filled"
RM-GULA-001,2025-08-26,16450.0,"PIHPS Bank Indonesia, Pedagang Besar, x1.0, forward-filled"
RM-GULA-001,2025-08-27,16450.0,"PIHPS Bank Indonesia, Pedagang Besar, x1.0, forward-filled"
RM-GULA-001,2025-08-28,16450.0,"PIHPS Bank Indonesia, Pedagang Besar, x1.0, forward-filled"
RM-GULA-001,2025-08-29,16400.0,"PIHPS Bank Indonesia, Pedagang Besar, x1.0, forward-filled"
RM-GULA-001,2025-08-30,16400.0,"PIHPS Bank Indonesia, Pedagang Besar, x1.0, forward-filled"
RM-GULA-001,2025-08-31,16400.0,"PIHPS Bank Indonesia, Pedagang Besar, x1.0, forward-filled"
RM-GULA-001,2025-09-01,16400.0,"PIHPS Bank Indonesia, Pedagang Besar, x1.0, forward-filled"
RM-GULA-001,2025-09-02,16400.0,"PIHPS Bank Indonesia, Pedagang Besar, x1.0, forward-filled"
RM-GULA-001,2025-09-03,16400.0,"PIHPS Bank Indonesia, Pedagang Besar, x1.0, forward-filled"
RM-GULA-001,2025-09-04,16400.0,"PIHPS Bank Indonesia, Pedagang Besar, x1.0, forward-filled"
RM-GULA-001,2025-09-05,16400.0,"PIHPS Bank Indonesia, Pedagang Besar, x1.0, forward-filled"
RM-GULA-001,2025-09-06,16400.0,"PIHPS Bank Indonesia, Pedagang Besar, x1.0, forward-filled"
RM-GULA-001,2025-09-07,16400.0,"PIHPS Bank Indonesia, Pedagang Besar, x1.0, forward-filled"
RM-GULA-001,2025-09-08,16400.0,"PIHPS Bank Indonesia, Pedagang Besar, x1.0, forward-filled"
RM-GULA-001,2025-09-09,16400.0,"PIHPS Bank Indonesia, Pedagang Besar, x1.0, forward-filled"
RM-GULA-001,2025-09-10,16400.0,"PIHPS Bank Indonesia, Pedagang Besar, x1.0, forward-filled"
RM-GULA-001,2025-09-11,16400.0,"PIHPS Bank Indonesia, Pedagang Besar, x1.0, forward-filled"
RM-GULA-001,2025-09-12,16400.0,"PIHPS Bank Indonesia, Pedagang Besar, x1.0, forward-filled"
RM-GULA-001,2025-09-13,16400.0,"PIHPS Bank Indonesia, Pedagang Besar, x1.0, forward-filled"
RM-GULA-001,2025-09-14,16400.0,"PIHPS Bank Indonesia, Pedagang Besar, x1.0, forward-filled"
RM-GULA-001,2025-09-15,16400.0,"PIHPS Bank Indonesia, Pedagang Besar, x1.0, forward-filled"
RM-GULA-001,2025-09-16,16400.0,"PIHPS Bank Indonesia, Pedagang Besar, x1.0, forward-filled"
RM-GULA-001,2025-09-17,16400.0,"PIHPS Bank Indonesia, Pedagang Besar, x1.0, forward-filled"
RM-GULA-001,2025-09-18,16350.0,"PIHPS Bank Indonesia, Pedagang Besar, x1.0, forward-filled"
RM-GULA-001,2025-09-19,16350.0,"PIHPS Bank Indonesia, Pedagang Besar, x1.0, forward-filled"
RM-GULA-001,2025-09-20,16350.0,"PIHPS Bank Indonesia, Pedagang Besar, x1.0, forward-filled"
RM-GULA-001,2025-09-21,16350.0,"PIHPS Bank Indonesia, Pedagang Besar, x1.0, forward-filled"
RM-GULA-001,2025-09-22,16350.0,"PIHPS Bank Indonesia, Pedagang Besar, x1.0, forward-filled"
RM-GULA-001,2025-09-23,16350.0,"PIHPS Bank Indonesia, Pedagang Besar, x1.0, forward-filled"
RM-GULA-001,2025-09-24,16350.0,"PIHPS Bank Indonesia, Pedagang Besar, x1.0, forward-filled"
RM-GULA-001,2025-09-25,16300.0,"PIHPS Bank Indonesia, Pedagang Besar, x1.0, forward-filled"
RM-GULA-001,2025-09-26,16300.0,"PIHPS Bank Indonesia, Pedagang Besar, x1.0, forward-filled"
RM-GULA-001,2025-09-27,16300.0,"PIHPS Bank Indonesia, Pedagang Besar, x1.0, forward-filled"
RM-GULA-001,2025-09-28,16300.0,"PIHPS Bank Indonesia, Pedagang Besar, x1.0, forward-filled"
RM-GULA-001,2025-09-29,16300.0,"PIHPS Bank Indonesia, Pedagang Besar, x1.0, forward-filled"
RM-GULA-001,2025-09-30,16300.0,"PIHPS Bank Indonesia, Pedagang Besar, x1.0, forward-filled"
RM-GULA-001,2025-10-01,16300.0,"PIHPS Bank Indonesia, Pedagang Besar, x1.0, forward-filled"
RM-GULA-001,2025-10-02,16300.0,"PIHPS Bank Indonesia, Pedagang Besar, x1.0, forward-filled"
RM-GULA-001,2025-10-03,16300.0,"PIHPS Bank Indonesia, Pedagang Besar, x1.0, forward-filled"
RM-GULA-001,2025-10-04,16300.0,"PIHPS Bank Indonesia, Pedagang Besar, x1.0, forward-filled"
RM-GULA-001,2025-10-05,16300.0,"PIHPS Bank Indonesia, Pedagang Besar, x1.0, forward-filled"
RM-GULA-001,2025-10-06,16300.0,"PIHPS Bank Indonesia, Pedagang Besar, x1.0, forward-filled"
RM-GULA-001,2025-10-07,16300.0,"PIHPS Bank Indonesia, Pedagang Besar, x1.0, forward-filled"
RM-GULA-001,2025-10-08,16300.0,"PIHPS Bank Indonesia, Pedagang Besar, x1.0, forward-filled"
RM-GULA-001,2025-10-09,16250.0,"PIHPS Bank Indonesia, Pedagang Besar, x1.0, forward-filled"
RM-GULA-001,2025-10-10,16250.0,"PIHPS Bank Indonesia, Pedagang Besar, x1.0, forward-filled"
RM-GULA-001,2025-10-11,16250.0,"PIHPS Bank Indonesia, Pedagang Besar, x1.0, forward-filled"
RM-GULA-001,2025-10-12,16250.0,"PIHPS Bank Indonesia, Pedagang Besar, x1.0, forward-filled"
RM-GULA-001,2025-10-13,16250.0,"PIHPS Bank Indonesia, Pedagang Besar, x1.0, forward-filled"
RM-GULA-001,2025-10-14,16250.0,"PIHPS Bank Indonesia, Pedagang Besar, x1.0, forward-filled"
RM-GULA-001,2025-10-15,16250.0,"PIHPS Bank Indonesia, Pedagang Besar, x1.0, forward-filled"
RM-GULA-001,2025-10-16,16300.0,"PIHPS Bank Indonesia, Pedagang Besar, x1.0, forward-filled"
RM-GULA-001,2025-10-17,16300.0,"PIHPS Bank Indonesia, Pedagang Besar, x1.0, forward-filled"
RM-GULA-001,2025-10-18,16300.0,"PIHPS Bank Indonesia, Pedagang Besar, x1.0, forward-filled"
RM-GULA-001,2025-10-19,16300.0,"PIHPS Bank Indonesia, Pedagang Besar, x1.0, forward-filled"
RM-GULA-001,2025-10-20,16300.0,"PIHPS Bank Indonesia, Pedagang Besar, x1.0, forward-filled"
RM-GULA-001,2025-10-21,16300.0,"PIHPS Bank Indonesia, Pedagang Besar, x1.0, forward-filled"
RM-GULA-001,2025-10-22,16300.0,"PIHPS Bank Indonesia, Pedagang Besar, x1.0, forward-filled"
RM-GULA-001,2025-10-23,16300.0,"PIHPS Bank Indonesia, Pedagang Besar, x1.0, forward-filled"
RM-GULA-001,2025-10-24,16300.0,"PIHPS Bank Indonesia, Pedagang Besar, x1.0, forward-filled"
RM-GULA-001,2025-10-25,16300.0,"PIHPS Bank Indonesia, Pedagang Besar, x1.0, forward-filled"
RM-GULA-001,2025-10-26,16300.0,"PIHPS Bank Indonesia, Pedagang Besar, x1.0, forward-filled"
RM-GULA-001,2025-10-27,16300.0,"PIHPS Bank Indonesia, Pedagang Besar, x1.0, forward-filled"
RM-GULA-001,2025-10-28,16300.0,"PIHPS Bank Indonesia, Pedagang Besar, x1.0, forward-filled"
RM-GULA-001,2025-10-29,16300.0,"PIHPS Bank Indonesia, Pedagang Besar, x1.0, forward-filled"
RM-GULA-001,2025-10-30,16350.0,"PIHPS Bank Indonesia, Pedagang Besar, x1.0, forward-filled"
RM-GULA-001,2025-10-31,16350.0,"PIHPS Bank Indonesia, Pedagang Besar, x1.0, forward-filled"
RM-GULA-001,2025-11-01,16350.0,"PIHPS Bank Indonesia, Pedagang Besar, x1.0, forward-filled"
RM-GULA-001,2025-11-02,16350.0,"PIHPS Bank Indonesia, Pedagang Besar, x1.0, forward-filled"
RM-GULA-001,2025-11-03,16350.0,"PIHPS Bank Indonesia, Pedagang Besar, x1.0, forward-filled"
RM-GULA-001,2025-11-04,16350.0,"PIHPS Bank Indonesia, Pedagang Besar, x1.0, forward-filled"
RM-GULA-001,2025-11-05,16350.0,"PIHPS Bank Indonesia, Pedagang Besar, x1.0, forward-filled"
RM-GULA-001,2025-11-06,16300.0,"PIHPS Bank Indonesia, Pedagang Besar, x1.0, forward-filled"
RM-GULA-001,2025-11-07,16300.0,"PIHPS Bank Indonesia, Pedagang Besar, x1.0, forward-filled"
RM-GULA-001,2025-11-08,16300.0,"PIHPS Bank Indonesia, Pedagang Besar, x1.0, forward-filled"
RM-GULA-001,2025-11-09,16300.0,"PIHPS Bank Indonesia, Pedagang Besar, x1.0, forward-filled"
RM-GULA-001,2025-11-10,16300.0,"PIHPS Bank Indonesia, Pedagang Besar, x1.0, forward-filled"
RM-GULA-001,2025-11-11,16300.0,"PIHPS Bank Indonesia, Pedagang Besar, x1.0, forward-filled"
RM-GULA-001,2025-11-12,16300.0,"PIHPS Bank Indonesia, Pedagang Besar, x1.0, forward-filled"
RM-GULA-001,2025-11-13,16300.0,"PIHPS Bank Indonesia, Pedagang Besar, x1.0, forward-filled"
RM-GULA-001,2025-11-14,16300.0,"PIHPS Bank Indonesia, Pedagang Besar, x1.0, forward-filled"
RM-GULA-001,2025-11-15,16300.0,"PIHPS Bank Indonesia, Pedagang Besar, x1.0, forward-filled"
RM-GULA-001,2025-11-16,16300.0,"PIHPS Bank Indonesia, Pedagang Besar, x1.0, forward-filled"
RM-GULA-001,2025-11-17,16300.0,"PIHPS Bank Indonesia, Pedagang Besar, x1.0, forward-filled"
RM-GULA-001,2025-11-18,16300.0,"PIHPS Bank Indonesia, Pedagang Besar, x1.0, forward-filled"
RM-GULA-001,2025-11-19,16300.0,"PIHPS Bank Indonesia, Pedagang Besar, x1.0, forward-filled"
RM-GULA-001,2025-11-20,16300.0,"PIHPS Bank Indonesia, Pedagang Besar, x1.0, forward-filled"
RM-GULA-001,2025-11-21,16300.0,"PIHPS Bank Indonesia, Pedagang Besar, x1.0, forward-filled"
RM-GULA-001,2025-11-22,16300.0,"PIHPS Bank Indonesia, Pedagang Besar, x1.0, forward-filled"
RM-GULA-001,2025-11-23,16300.0,"PIHPS Bank Indonesia, Pedagang Besar, x1.0, forward-filled"
RM-GULA-001,2025-11-24,16300.0,"PIHPS Bank Indonesia, Pedagang Besar, x1.0, forward-filled"
RM-GULA-001,2025-11-25,16300.0,"PIHPS Bank Indonesia, Pedagang Besar, x1.0, forward-filled"
RM-GULA-001,2025-11-26,16300.0,"PIHPS Bank Indonesia, Pedagang Besar, x1.0, forward-filled"
RM-GULA-001,2025-11-27,16350.0,"PIHPS Bank Indonesia, Pedagang Besar, x1.0, forward-filled"
RM-GULA-001,2025-11-28,16350.0,"PIHPS Bank Indonesia, Pedagang Besar, x1.0, forward-filled"
RM-GULA-001,2025-11-29,16350.0,"PIHPS Bank Indonesia, Pedagang Besar, x1.0, forward-filled"
RM-GULA-001,2025-11-30,16350.0,"PIHPS Bank Indonesia, Pedagang Besar, x1.0, forward-filled"
RM-GULA-001,2025-12-01,16350.0,"PIHPS Bank Indonesia, Pedagang Besar, x1.0, forward-filled"
RM-GULA-001,2025-12-02,16350.0,"PIHPS Bank Indonesia, Pedagang Besar, x1.0, forward-filled"
RM-GULA-001,2025-12-03,16350.0,"PIHPS Bank Indonesia, Pedagang Besar, x1.0, forward-filled"
RM-GULA-001,2025-12-04,16400.0,"PIHPS Bank Indonesia, Pedagang Besar, x1.0, forward-filled"
RM-GULA-001,2025-12-05,16400.0,"PIHPS Bank Indonesia, Pedagang Besar, x1.0, forward-filled"
RM-GULA-001,2025-12-06,16400.0,"PIHPS Bank Indonesia, Pedagang Besar, x1.0, forward-filled"
RM-GULA-001,2025-12-07,16400.0,"PIHPS Bank Indonesia, Pedagang Besar, x1.0, forward-filled"
RM-GULA-001,2025-12-08,16400.0,"PIHPS Bank Indonesia, Pedagang Besar, x1.0, forward-filled"
RM-GULA-001,2025-12-09,16400.0,"PIHPS Bank Indonesia, Pedagang Besar, x1.0, forward-filled"
RM-GULA-001,2025-12-10,16400.0,"PIHPS Bank Indonesia, Pedagang Besar, x1.0, forward-filled"
RM-GULA-001,2025-12-11,16450.0,"PIHPS Bank Indonesia, Pedagang Besar, x1.0, forward-filled"
RM-GULA-001,2025-12-12,16450.0,"PIHPS Bank Indonesia, Pedagang Besar, x1.0, forward-filled"
RM-GULA-001,2025-12-13,16450.0,"PIHPS Bank Indonesia, Pedagang Besar, x1.0, forward-filled"
RM-GULA-001,2025-12-14,16450.0,"PIHPS Bank Indonesia, Pedagang Besar, x1.0, forward-filled"
RM-GULA-001,2025-12-15,16450.0,"PIHPS Bank Indonesia, Pedagang Besar, x1.0, forward-filled"
RM-GULA-001,2025-12-16,16450.0,"PIHPS Bank Indonesia, Pedagang Besar, x1.0, forward-filled"
RM-GULA-001,2025-12-17,16450.0,"PIHPS Bank Indonesia, Pedagang Besar, x1.0, forward-filled"
RM-GULA-001,2025-12-18,16500.0,"PIHPS Bank Indonesia, Pedagang Besar, x1.0, forward-filled"
RM-GULA-001,2025-12-19,16500.0,"PIHPS Bank Indonesia, Pedagang Besar, x1.0, forward-filled"
RM-GULA-001,2025-12-20,16500.0,"PIHPS Bank Indonesia, Pedagang Besar, x1.0, forward-filled"
RM-GULA-001,2025-12-21,16500.0,"PIHPS Bank Indonesia, Pedagang Besar, x1.0, forward-filled"
RM-GULA-001,2025-12-22,16500.0,"PIHPS Bank Indonesia, Pedagang Besar, x1.0, forward-filled"
RM-GULA-001,2025-12-23,16500.0,"PIHPS Bank Indonesia, Pedagang Besar, x1.0, forward-filled"
RM-GULA-001,2025-12-24,16500.0,"PIHPS Bank Indonesia, Pedagang Besar, x1.0, forward-filled"
RM-GULA-001,2025-12-25,16550.0,"PIHPS Bank Indonesia, Pedagang Besar, x1.0, forward-filled"
RM-GULA-001,2025-12-26,16550.0,"PIHPS Bank Indonesia, Pedagang Besar, x1.0, forward-filled"
RM-GULA-001,2025-12-27,16550.0,"PIHPS Bank Indonesia, Pedagang Besar, x1.0, forward-filled"
RM-GULA-001,2025-12-28,16550.0,"PIHPS Bank Indonesia, Pedagang Besar, x1.0, forward-filled"
RM-GULA-001,2025-12-29,16550.0,"PIHPS Bank Indonesia, Pedagang Besar, x1.0, forward-filled"
RM-GULA-001,2025-12-30,16550.0,"PIHPS Bank Indonesia, Pedagang Besar, x1.0, forward-filled"
RM-GULA-001,2025-12-31,16550.0,"PIHPS Bank Indonesia, Pedagang Besar, x1.0, forward-filled"
RM-GULA-001,2026-01-01,16500.0,"PIHPS Bank Indonesia, Pedagang Besar, x1.0, forward-filled"
RM-GULA-001,2026-01-02,16500.0,"PIHPS Bank Indonesia, Pedagang Besar, x1.0, forward-filled"
RM-GULA-001,2026-01-03,16500.0,"PIHPS Bank Indonesia, Pedagang Besar, x1.0, forward-filled"
RM-GULA-001,2026-01-04,16500.0,"PIHPS Bank Indonesia, Pedagang Besar, x1.0, forward-filled"
RM-GULA-001,2026-01-05,16500.0,"PIHPS Bank Indonesia, Pedagang Besar, x1.0, forward-filled"
RM-GULA-001,2026-01-06,16500.0,"PIHPS Bank Indonesia, Pedagang Besar, x1.0, forward-filled"
RM-GULA-001,2026-01-07,16550.0,"PIHPS Bank Indonesia, Pedagang Besar, x1.0, forward-filled"
RM-GULA-001,2026-01-08,16500.0,"PIHPS Bank Indonesia, Pedagang Besar, x1.0, forward-filled"
RM-GULA-001,2026-01-09,16500.0,"PIHPS Bank Indonesia, Pedagang Besar, x1.0, forward-filled"
RM-GULA-001,2026-01-10,16500.0,"PIHPS Bank Indonesia, Pedagang Besar, x1.0, forward-filled"
RM-GULA-001,2026-01-11,16500.0,"PIHPS Bank Indonesia, Pedagang Besar, x1.0, forward-filled"
RM-GULA-001,2026-01-12,16500.0,"PIHPS Bank Indonesia, Pedagang Besar, x1.0, forward-filled"
RM-GULA-001,2026-01-13,16500.0,"PIHPS Bank Indonesia, Pedagang Besar, x1.0, forward-filled"
RM-GULA-001,2026-01-14,16500.0,"PIHPS Bank Indonesia, Pedagang Besar, x1.0, forward-filled"
RM-GULA-001,2026-01-15,16750.0,"PIHPS Bank Indonesia, Pedagang Besar, x1.0, forward-filled"
RM-GULA-001,2026-01-16,16750.0,"PIHPS Bank Indonesia, Pedagang Besar, x1.0, forward-filled"
RM-GULA-001,2026-01-17,16750.0,"PIHPS Bank Indonesia, Pedagang Besar, x1.0, forward-filled"
RM-GULA-001,2026-01-18,16750.0,"PIHPS Bank Indonesia, Pedagang Besar, x1.0, forward-filled"
RM-GULA-001,2026-01-19,16750.0,"PIHPS Bank Indonesia, Pedagang Besar, x1.0, forward-filled"
RM-GULA-001,2026-01-20,16750.0,"PIHPS Bank Indonesia, Pedagang Besar, x1.0, forward-filled"
RM-GULA-001,2026-01-21,16750.0,"PIHPS Bank Indonesia, Pedagang Besar, x1.0, forward-filled"
RM-GULA-001,2026-01-22,16800.0,"PIHPS Bank Indonesia, Pedagang Besar, x1.0, forward-filled"
RM-GULA-001,2026-01-23,16800.0,"PIHPS Bank Indonesia, Pedagang Besar, x1.0, forward-filled"
RM-GULA-001,2026-01-24,16800.0,"PIHPS Bank Indonesia, Pedagang Besar, x1.0, forward-filled"
RM-GULA-001,2026-01-25,16800.0,"PIHPS Bank Indonesia, Pedagang Besar, x1.0, forward-filled"
RM-GULA-001,2026-01-26,16800.0,"PIHPS Bank Indonesia, Pedagang Besar, x1.0, forward-filled"
RM-GULA-001,2026-01-27,16800.0,"PIHPS Bank Indonesia, Pedagang Besar, x1.0, forward-filled"
RM-GULA-001,2026-01-28,16800.0,"PIHPS Bank Indonesia, Pedagang Besar, x1.0, forward-filled"
RM-GULA-001,2026-01-29,16750.0,"PIHPS Bank Indonesia, Pedagang Besar, x1.0, forward-filled"
RM-GULA-001,2026-01-30,16750.0,"PIHPS Bank Indonesia, Pedagang Besar, x1.0, forward-filled"
RM-GULA-001,2026-01-31,16750.0,"PIHPS Bank Indonesia, Pedagang Besar, x1.0, forward-filled"
RM-GULA-001,2026-02-01,16750.0,"PIHPS Bank Indonesia, Pedagang Besar, x1.0, forward-filled"
RM-GULA-001,2026-02-02,16750.0,"PIHPS Bank Indonesia, Pedagang Besar, x1.0, forward-filled"
RM-GULA-001,2026-02-03,16750.0,"PIHPS Bank Indonesia, Pedagang Besar, x1.0, forward-filled"
RM-GULA-001,2026-02-04,16750.0,"PIHPS Bank Indonesia, Pedagang Besar, x1.0, forward-filled"
RM-GULA-001,2026-02-05,16850.0,"PIHPS Bank Indonesia, Pedagang Besar, x1.0, forward-filled"
RM-GULA-001,2026-02-06,16850.0,"PIHPS Bank Indonesia, Pedagang Besar, x1.0, forward-filled"
RM-GULA-001,2026-02-07,16850.0,"PIHPS Bank Indonesia, Pedagang Besar, x1.0, forward-filled"
RM-GULA-001,2026-02-08,16850.0,"PIHPS Bank Indonesia, Pedagang Besar, x1.0, forward-filled"
RM-GULA-001,2026-02-09,16850.0,"PIHPS Bank Indonesia, Pedagang Besar, x1.0, forward-filled"
RM-GULA-001,2026-02-10,16850.0,"PIHPS Bank Indonesia, Pedagang Besar, x1.0, forward-filled"
RM-GULA-001,2026-02-11,16850.0,"PIHPS Bank Indonesia, Pedagang Besar, x1.0, forward-filled"
RM-GULA-001,2026-02-12,16800.0,"PIHPS Bank Indonesia, Pedagang Besar, x1.0, forward-filled"
RM-GULA-001,2026-02-13,16800.0,"PIHPS Bank Indonesia, Pedagang Besar, x1.0, forward-filled"
RM-GULA-001,2026-02-14,16800.0,"PIHPS Bank Indonesia, Pedagang Besar, x1.0, forward-filled"
RM-GULA-001,2026-02-15,16800.0,"PIHPS Bank Indonesia, Pedagang Besar, x1.0, forward-filled"
RM-GULA-001,2026-02-16,16800.0,"PIHPS Bank Indonesia, Pedagang Besar, x1.0, forward-filled"
RM-GULA-001,2026-02-17,16800.0,"PIHPS Bank Indonesia, Pedagang Besar, x1.0, forward-filled"
RM-GULA-001,2026-02-18,16800.0,"PIHPS Bank Indonesia, Pedagang Besar, x1.0, forward-filled"
RM-GULA-001,2026-02-19,16900.0,"PIHPS Bank Indonesia, Pedagang Besar, x1.0, forward-filled"
RM-GULA-001,2026-02-20,16900.0,"PIHPS Bank Indonesia, Pedagang Besar, x1.0, forward-filled"
RM-GULA-001,2026-02-21,16900.0,"PIHPS Bank Indonesia, Pedagang Besar, x1.0, forward-filled"
RM-GULA-001,2026-02-22,16900.0,"PIHPS Bank Indonesia, Pedagang Besar, x1.0, forward-filled"
RM-GULA-001,2026-02-23,16900.0,"PIHPS Bank Indonesia, Pedagang Besar, x1.0, forward-filled"
RM-GULA-001,2026-02-24,16900.0,"PIHPS Bank Indonesia, Pedagang Besar, x1.0, forward-filled"
RM-GULA-001,2026-02-25,16900.0,"PIHPS Bank Indonesia, Pedagang Besar, x1.0, forward-filled"
RM-GULA-001,2026-02-26,17000.0,"PIHPS Bank Indonesia, Pedagang Besar, x1.0, forward-filled"
RM-GULA-001,2026-02-27,17000.0,"PIHPS Bank Indonesia, Pedagang Besar, x1.0, forward-filled"
RM-GULA-001,2026-02-28,17000.0,"PIHPS Bank Indonesia, Pedagang Besar, x1.0, forward-filled"
RM-GULA-001,2026-03-01,17000.0,"PIHPS Bank Indonesia, Pedagang Besar, x1.0, forward-filled"
RM-GULA-001,2026-03-02,17000.0,"PIHPS Bank Indonesia, Pedagang Besar, x1.0, forward-filled"
RM-GULA-001,2026-03-03,17000.0,"PIHPS Bank Indonesia, Pedagang Besar, x1.0, forward-filled"
RM-GULA-001,2026-03-04,17000.0,"PIHPS Bank Indonesia, Pedagang Besar, x1.0, forward-filled"
RM-GULA-001,2026-03-05,17100.0,"PIHPS Bank Indonesia, Pedagang Besar, x1.0, forward-filled"
RM-GULA-001,2026-03-06,17100.0,"PIHPS Bank Indonesia, Pedagang Besar, x1.0, forward-filled"
RM-GULA-001,2026-03-07,17100.0,"PIHPS Bank Indonesia, Pedagang Besar, x1.0, forward-filled"
RM-GULA-001,2026-03-08,17100.0,"PIHPS Bank Indonesia, Pedagang Besar, x1.0, forward-filled"
RM-GULA-001,2026-03-09,17100.0,"PIHPS Bank Indonesia, Pedagang Besar, x1.0, forward-filled"
RM-GULA-001,2026-03-10,17100.0,"PIHPS Bank Indonesia, Pedagang Besar, x1.0, forward-filled"
RM-GULA-001,2026-03-11,17100.0,"PIHPS Bank Indonesia, Pedagang Besar, x1.0, forward-filled"
RM-GULA-001,2026-03-12,17200.0,"PIHPS Bank Indonesia, Pedagang Besar, x1.0, forward-filled"
RM-GULA-001,2026-03-13,17200.0,"PIHPS Bank Indonesia, Pedagang Besar, x1.0, forward-filled"
RM-GULA-001,2026-03-14,17200.0,"PIHPS Bank Indonesia, Pedagang Besar, x1.0, forward-filled"
RM-GULA-001,2026-03-15,17200.0,"PIHPS Bank Indonesia, Pedagang Besar, x1.0, forward-filled"
RM-GULA-001,2026-03-16,17200.0,"PIHPS Bank Indonesia, Pedagang Besar, x1.0, forward-filled"
RM-GULA-001,2026-03-17,17200.0,"PIHPS Bank Indonesia, Pedagang Besar, x1.0, forward-filled"
RM-GULA-001,2026-03-18,17200.0,"PIHPS Bank Indonesia, Pedagang Besar, x1.0, forward-filled"
RM-GULA-001,2026-03-19,17250.0,"PIHPS Bank Indonesia, Pedagang Besar, x1.0, forward-filled"
RM-GULA-001,2026-03-20,17250.0,"PIHPS Bank Indonesia, Pedagang Besar, x1.0, forward-filled"
RM-GULA-001,2026-03-21,17250.0,"PIHPS Bank Indonesia, Pedagang Besar, x1.0, forward-filled"
RM-GULA-001,2026-03-22,17250.0,"PIHPS Bank Indonesia, Pedagang Besar, x1.0, forward-filled"
RM-GULA-001,2026-03-23,17250.0,"PIHPS Bank Indonesia, Pedagang Besar, x1.0, forward-filled"
RM-GULA-001,2026-03-24,17250.0,"PIHPS Bank Indonesia, Pedagang Besar, x1.0, forward-filled"
RM-GULA-001,2026-03-25,17250.0,"PIHPS Bank Indonesia, Pedagang Besar, x1.0, forward-filled"
RM-GULA-001,2026-03-26,17350.0,"PIHPS Bank Indonesia, Pedagang Besar, x1.0, forward-filled"
RM-GULA-001,2026-03-27,17350.0,"PIHPS Bank Indonesia, Pedagang Besar, x1.0, forward-filled"
RM-GULA-001,2026-03-28,17350.0,"PIHPS Bank Indonesia, Pedagang Besar, x1.0, forward-filled"
RM-GULA-001,2026-03-29,17350.0,"PIHPS Bank Indonesia, Pedagang Besar, x1.0, forward-filled"
RM-GULA-001,2026-03-30,17350.0,"PIHPS Bank Indonesia, Pedagang Besar, x1.0, forward-filled"
RM-GULA-001,2026-03-31,17350.0,"PIHPS Bank Indonesia, Pedagang Besar, x1.0, forward-filled"
RM-GULA-001,2026-04-01,17350.0,"PIHPS Bank Indonesia, Pedagang Besar, x1.0, forward-filled"
RM-GULA-001,2026-04-02,17450.0,"PIHPS Bank Indonesia, Pedagang Besar, x1.0, forward-filled"
RM-GULA-001,2026-04-03,17450.0,"PIHPS Bank Indonesia, Pedagang Besar, x1.0, forward-filled"
RM-GULA-001,2026-04-04,17450.0,"PIHPS Bank Indonesia, Pedagang Besar, x1.0, forward-filled"
RM-GULA-001,2026-04-05,17450.0,"PIHPS Bank Indonesia, Pedagang Besar, x1.0, forward-filled"
RM-GULA-001,2026-04-06,17450.0,"PIHPS Bank Indonesia, Pedagang Besar, x1.0, forward-filled"
RM-GULA-001,2026-04-07,17450.0,"PIHPS Bank Indonesia, Pedagang Besar, x1.0, forward-filled"
RM-GULA-001,2026-04-08,17450.0,"PIHPS Bank Indonesia, Pedagang Besar, x1.0, forward-filled"
RM-GULA-001,2026-04-09,17550.0,"PIHPS Bank Indonesia, Pedagang Besar, x1.0, forward-filled"
RM-GULA-001,2026-04-10,17550.0,"PIHPS Bank Indonesia, Pedagang Besar, x1.0, forward-filled"
RM-GULA-001,2026-04-11,17550.0,"PIHPS Bank Indonesia, Pedagang Besar, x1.0, forward-filled"
RM-GULA-001,2026-04-12,17550.0,"PIHPS Bank Indonesia, Pedagang Besar, x1.0, forward-filled"
RM-GULA-001,2026-04-13,17550.0,"PIHPS Bank Indonesia, Pedagang Besar, x1.0, forward-filled"
RM-GULA-001,2026-04-14,17550.0,"PIHPS Bank Indonesia, Pedagang Besar, x1.0, forward-filled"
RM-GULA-001,2026-04-15,17550.0,"PIHPS Bank Indonesia, Pedagang Besar, x1.0, forward-filled"
RM-GULA-001,2026-04-16,17600.0,"PIHPS Bank Indonesia, Pedagang Besar, x1.0, forward-filled"
RM-GULA-001,2026-04-17,17600.0,"PIHPS Bank Indonesia, Pedagang Besar, x1.0, forward-filled"
RM-GULA-001,2026-04-18,17600.0,"PIHPS Bank Indonesia, Pedagang Besar, x1.0, forward-filled"
RM-GULA-001,2026-04-19,17600.0,"PIHPS Bank Indonesia, Pedagang Besar, x1.0, forward-filled"
RM-GULA-001,2026-04-20,17600.0,"PIHPS Bank Indonesia, Pedagang Besar, x1.0, forward-filled"
RM-GULA-001,2026-04-21,17600.0,"PIHPS Bank Indonesia, Pedagang Besar, x1.0, forward-filled"
RM-GULA-001,2026-04-22,17600.0,"PIHPS Bank Indonesia, Pedagang Besar, x1.0, forward-filled"
RM-GULA-001,2026-04-23,17550.0,"PIHPS Bank Indonesia, Pedagang Besar, x1.0, forward-filled"
RM-GULA-001,2026-04-24,17550.0,"PIHPS Bank Indonesia, Pedagang Besar, x1.0, forward-filled"
RM-GULA-001,2026-04-25,17550.0,"PIHPS Bank Indonesia, Pedagang Besar, x1.0, forward-filled"
RM-GULA-001,2026-04-26,17550.0,"PIHPS Bank Indonesia, Pedagang Besar, x1.0, forward-filled"
RM-GULA-001,2026-04-27,17550.0,"PIHPS Bank Indonesia, Pedagang Besar, x1.0, forward-filled"
RM-GULA-001,2026-04-28,17550.0,"PIHPS Bank Indonesia, Pedagang Besar, x1.0, forward-filled"
RM-GULA-001,2026-04-29,17550.0,"PIHPS Bank Indonesia, Pedagang Besar, x1.0, forward-filled"
RM-GULA-001,2026-04-30,17550.0,"PIHPS Bank Indonesia, Pedagang Besar, x1.0, forward-filled"
RM-GULA-001,2026-05-01,17550.0,"PIHPS Bank Indonesia, Pedagang Besar, x1.0, forward-filled"
RM-GULA-001,2026-05-02,17550.0,"PIHPS Bank Indonesia, Pedagang Besar, x1.0, forward-filled"
RM-GULA-001,2026-05-03,17550.0,"PIHPS Bank Indonesia, Pedagang Besar, x1.0, forward-filled"
RM-GULA-001,2026-05-04,17550.0,"PIHPS Bank Indonesia, Pedagang Besar, x1.0, forward-filled"
RM-GULA-001,2026-05-05,17550.0,"PIHPS Bank Indonesia, Pedagang Besar, x1.0, forward-filled"
RM-GULA-001,2026-05-06,17550.0,"PIHPS Bank Indonesia, Pedagang Besar, x1.0, forward-filled"
RM-GULA-001,2026-05-07,17500.0,"PIHPS Bank Indonesia, Pedagang Besar, x1.0, forward-filled"
RM-GULA-001,2026-05-08,17500.0,"PIHPS Bank Indonesia, Pedagang Besar, x1.0, forward-filled"
RM-GULA-001,2026-05-09,17500.0,"PIHPS Bank Indonesia, Pedagang Besar, x1.0, forward-filled"
RM-GULA-001,2026-05-10,17500.0,"PIHPS Bank Indonesia, Pedagang Besar, x1.0, forward-filled"
RM-GULA-001,2026-05-11,17500.0,"PIHPS Bank Indonesia, Pedagang Besar, x1.0, forward-filled"
RM-GULA-001,2026-05-12,17500.0,"PIHPS Bank Indonesia, Pedagang Besar, x1.0, forward-filled"
RM-GULA-001,2026-05-13,17500.0,"PIHPS Bank Indonesia, Pedagang Besar, x1.0, forward-filled"
RM-GULA-001,2026-05-14,17450.0,"PIHPS Bank Indonesia, Pedagang Besar, x1.0, forward-filled"
RM-GULA-001,2026-05-15,17450.0,"PIHPS Bank Indonesia, Pedagang Besar, x1.0, forward-filled"
RM-GULA-001,2026-05-16,17450.0,"PIHPS Bank Indonesia, Pedagang Besar, x1.0, forward-filled"
RM-GULA-001,2026-05-17,17450.0,"PIHPS Bank Indonesia, Pedagang Besar, x1.0, forward-filled"
RM-GULA-001,2026-05-18,17450.0,"PIHPS Bank Indonesia, Pedagang Besar, x1.0, forward-filled"
RM-GULA-001,2026-05-19,17450.0,"PIHPS Bank Indonesia, Pedagang Besar, x1.0, forward-filled"
RM-GULA-001,2026-05-20,17450.0,"PIHPS Bank Indonesia, Pedagang Besar, x1.0, forward-filled"
RM-GULA-001,2026-05-21,17350.0,"PIHPS Bank Indonesia, Pedagang Besar, x1.0, forward-filled"
RM-GULA-001,2026-05-22,17350.0,"PIHPS Bank Indonesia, Pedagang Besar, x1.0, forward-filled"
RM-GULA-001,2026-05-23,17350.0,"PIHPS Bank Indonesia, Pedagang Besar, x1.0, forward-filled"
RM-GULA-001,2026-05-24,17350.0,"PIHPS Bank Indonesia, Pedagang Besar, x1.0, forward-filled"
RM-GULA-001,2026-05-25,17350.0,"PIHPS Bank Indonesia, Pedagang Besar, x1.0, forward-filled"
RM-GULA-001,2026-05-26,17350.0,"PIHPS Bank Indonesia, Pedagang Besar, x1.0, forward-filled"
RM-GULA-001,2026-05-27,17350.0,"PIHPS Bank Indonesia, Pedagang Besar, x1.0, forward-filled"
RM-GULA-001,2026-05-28,17350.0,"PIHPS Bank Indonesia, Pedagang Besar, x1.0, forward-filled"
RM-GULA-001,2026-05-29,17400.0,"PIHPS Bank Indonesia, Pedagang Besar, x1.0, forward-filled"
RM-GULA-001,2026-05-30,17400.0,"PIHPS Bank Indonesia, Pedagang Besar, x1.0, forward-filled"
RM-GULA-001,2026-05-31,17400.0,"PIHPS Bank Indonesia, Pedagang Besar, x1.0, forward-filled"
RM-GULA-001,2026-06-01,17400.0,"PIHPS Bank Indonesia, Pedagang Besar, x1.0, forward-filled"
RM-GULA-001,2026-06-02,17400.0,"PIHPS Bank Indonesia, Pedagang Besar, x1.0, forward-filled"
RM-GULA-001,2026-06-03,17400.0,"PIHPS Bank Indonesia, Pedagang Besar, x1.0, forward-filled"
RM-GULA-001,2026-06-04,17350.0,"PIHPS Bank Indonesia, Pedagang Besar, x1.0, forward-filled"
RM-GULA-001,2026-06-05,17350.0,"PIHPS Bank Indonesia, Pedagang Besar, x1.0, forward-filled"
RM-GULA-001,2026-06-06,17350.0,"PIHPS Bank Indonesia, Pedagang Besar, x1.0, forward-filled"
RM-GULA-001,2026-06-07,17350.0,"PIHPS Bank Indonesia, Pedagang Besar, x1.0, forward-filled"
RM-GULA-001,2026-06-08,17350.0,"PIHPS Bank Indonesia, Pedagang Besar, x1.0, forward-filled"
RM-GULA-001,2026-06-09,17350.0,"PIHPS Bank Indonesia, Pedagang Besar, x1.0, forward-filled"
RM-GULA-001,2026-06-10,17350.0,"PIHPS Bank Indonesia, Pedagang Besar, x1.0, forward-filled"
RM-GULA-001,2026-06-11,17350.0,"PIHPS Bank Indonesia, Pedagang Besar, x1.0, forward-filled"
RM-GULA-001,2026-06-12,17350.0,"PIHPS Bank Indonesia, Pedagang Besar, x1.0, forward-filled"
RM-GULA-001,2026-06-13,17350.0,"PIHPS Bank Indonesia, Pedagang Besar, x1.0, forward-filled"
RM-GULA-001,2026-06-14,17350.0,"PIHPS Bank Indonesia, Pedagang Besar, x1.0, forward-filled"
RM-GULA-001,2026-06-15,17350.0,"PIHPS Bank Indonesia, Pedagang Besar, x1.0, forward-filled"
RM-GULA-001,2026-06-16,17350.0,"PIHPS Bank Indonesia, Pedagang Besar, x1.0, forward-filled"
RM-GULA-001,2026-06-17,17350.0,"PIHPS Bank Indonesia, Pedagang Besar, x1.0, forward-filled"
RM-GULA-001,2026-06-18,17350.0,"PIHPS Bank Indonesia, Pedagang Besar, x1.0, forward-filled"
RM-GULA-001,2026-06-19,17350.0,"PIHPS Bank Indonesia, Pedagang Besar, x1.0, forward-filled"
RM-GULA-001,2026-06-20,17350.0,"PIHPS Bank Indonesia, Pedagang Besar, x1.0, forward-filled"
RM-GULA-001,2026-06-21,17350.0,"PIHPS Bank Indonesia, Pedagang Besar, x1.0, forward-filled"
RM-GULA-001,2026-06-22,17350.0,"PIHPS Bank Indonesia, Pedagang Besar, x1.0, forward-filled"
RM-GULA-001,2026-06-23,17350.0,"PIHPS Bank Indonesia, Pedagang Besar, x1.0, forward-filled"
RM-GULA-001,2026-06-24,17350.0,"PIHPS Bank Indonesia, Pedagang Besar, x1.0, forward-filled"
RM-GULA-001,2026-06-25,17350.0,"PIHPS Bank Indonesia, Pedagang Besar, x1.0, forward-filled"
RM-GULA-001,2026-06-26,17350.0,"PIHPS Bank Indonesia, Pedagang Besar, x1.0, forward-filled"
RM-GULA-001,2026-06-27,17350.0,"PIHPS Bank Indonesia, Pedagang Besar, x1.0, forward-filled"
RM-GULA-001,2026-06-28,17350.0,"PIHPS Bank Indonesia, Pedagang Besar, x1.0, forward-filled"
RM-GULA-001,2026-06-29,17350.0,"PIHPS Bank Indonesia, Pedagang Besar, x1.0, forward-filled"
RM-GULA-001,2026-06-30,17350.0,"PIHPS Bank Indonesia, Pedagang Besar, x1.0, forward-filled"
RM-GULA-001,2026-07-01,17350.0,"PIHPS Bank Indonesia, Pedagang Besar, x1.0, forward-filled"
RM-GULA-001,2026-07-02,17300.0,"PIHPS Bank Indonesia, Pedagang Besar, x1.0, forward-filled"
RM-GULA-001,2026-07-03,17300.0,"PIHPS Bank Indonesia, Pedagang Besar, x1.0, forward-filled"
RM-GULA-001,2026-07-04,17300.0,"PIHPS Bank Indonesia, Pedagang Besar, x1.0, forward-filled"
RM-GULA-001,2026-07-05,17300.0,"PIHPS Bank Indonesia, Pedagang Besar, x1.0, forward-filled"
RM-GULA-001,2026-07-06,17300.0,"PIHPS Bank Indonesia, Pedagang Besar, x1.0, forward-filled"
RM-GULA-001,2026-07-07,17300.0,"PIHPS Bank Indonesia, Pedagang Besar, x1.0, forward-filled"
RM-GULA-001,2026-07-08,17300.0,"PIHPS Bank Indonesia, Pedagang Besar, x1.0, forward-filled"
RM-GULA-001,2026-07-09,17350.0,"PIHPS Bank Indonesia, Pedagang Besar, x1.0, forward-filled"
RM-GULA-001,2026-07-10,17350.0,"PIHPS Bank Indonesia, Pedagang Besar, x1.0, forward-filled"
RM-GULA-001,2026-07-11,17350.0,"PIHPS Bank Indonesia, Pedagang Besar, x1.0, forward-filled"
RM-GULA-001,2026-07-12,17350.0,"PIHPS Bank Indonesia, Pedagang Besar, x1.0, forward-filled"
RM-GULA-001,2026-07-13,17350.0,"PIHPS Bank Indonesia, Pedagang Besar, x1.0, forward-filled"
RM-GULA-001,2026-07-14,17350.0,"PIHPS Bank Indonesia, Pedagang Besar, x1.0, forward-filled"
RM-GULA-001,2026-07-15,17350.0,"PIHPS Bank Indonesia, Pedagang Besar, x1.0, forward-filled"
RM-GULA-001,2026-07-16,17350.0,"PIHPS Bank Indonesia, Pedagang Besar, x1.0, forward-filled"
RM-GULA-001,2026-07-17,17350.0,"PIHPS Bank Indonesia, Pedagang Besar, x1.0, forward-filled"
RM-GULA-001,2026-07-18,17350.0,"PIHPS Bank Indonesia, Pedagang Besar, x1.0, forward-filled"
RM-GULA-001,2026-07-19,17350.0,"PIHPS Bank Indonesia, Pedagang Besar, x1.0, forward-filled"
RM-GULA-001,2026-07-20,17350.0,"PIHPS Bank Indonesia, Pedagang Besar, x1.0, forward-filled"
RM-GULA-001,2026-07-21,17350.0,"PIHPS Bank Indonesia, Pedagang Besar, x1.0, forward-filled"
RM-GULA-001,2026-07-22,17350.0,"PIHPS Bank Indonesia, Pedagang Besar, x1.0, forward-filled"
RM-GULA-001,2026-07-23,17250.0,"PIHPS Bank Indonesia, Pedagang Besar, x1.0, forward-filled"
RM-GULA-001,2026-07-24,17250.0,"PIHPS Bank Indonesia, Pedagang Besar, x1.0, forward-filled"
RM-GULA-001,2026-07-25,17250.0,"PIHPS Bank Indonesia, Pedagang Besar, x1.0, forward-filled"
RM-GULA-001,2026-07-26,17250.0,"PIHPS Bank Indonesia, Pedagang Besar, x1.0, forward-filled"
RM-GULA-001,2026-07-27,17250.0,"PIHPS Bank Indonesia, Pedagang Besar, x1.0, forward-filled"
RM-GULA-001,2026-07-28,17250.0,"PIHPS Bank Indonesia, Pedagang Besar, x1.0, forward-filled"
RM-GULA-001,2026-07-29,17250.0,"PIHPS Bank Indonesia, Pedagang Besar, x1.0, forward-filled"
RM-GULA-001,2026-07-30,17250.0,"PIHPS Bank Indonesia, Pedagang Besar, x1.0, forward-filled"
RM-GULA-001,2026-07-31,17250.0,"PIHPS Bank Indonesia, Pedagang Besar, x1.0, forward-filled"
RM-GULA-001,2026-08-01,17250.0,"PIHPS Bank Indonesia, Pedagang Besar, x1.0, forward-filled"
RM-GULA-001,2026-08-02,17250.0,"PIHPS Bank Indonesia, Pedagang Besar, x1.0, forward-filled"
RM-GULA-001,2026-08-03,17250.0,"PIHPS Bank Indonesia, Pedagang Besar, x1.0, forward-filled"
RM-GULA-001,2026-08-04,17250.0,"PIHPS Bank Indonesia, Pedagang Besar, x1.0, forward-filled"
RM-GULA-001,2026-08-05,17250.0,"PIHPS Bank Indonesia, Pedagang Besar, x1.0, forward-filled"
RM-GULA-001,2026-08-06,17250.0,"PIHPS Bank Indonesia, Pedagang Besar, x1.0, forward-filled"
RM-GULA-001,2026-08-07,17250.0,"PIHPS Bank Indonesia, Pedagang Besar, x1.0, forward-filled"
RM-GULA-001,2026-08-08,17250.0,"PIHPS Bank Indonesia, Pedagang Besar, x1.0, forward-filled"
RM-GULA-001,2026-08-09,17250.0,"PIHPS Bank Indonesia, Pedagang Besar, x1.0, forward-filled"
RM-GULA-001,2026-08-10,17250.0,"PIHPS Bank Indonesia, Pedagang Besar, x1.0, forward-filled"
RM-GULA-001,2026-08-11,17250.0,"PIHPS Bank Indonesia, Pedagang Besar, x1.0, forward-filled"
RM-GULA-001,2026-08-12,17250.0,"PIHPS Bank Indonesia, Pedagang Besar, x1.0, forward-filled"
RM-GULA-001,2026-08-13,17250.0,"PIHPS Bank Indonesia, Pedagang Besar, x1.0, forward-filled"
RM-GULA-001,2026-08-14,17250.0,"PIHPS Bank Indonesia, Pedagang Besar, x1.0, forward-filled"
RM-GULA-001,2026-08-15,17250.0,"PIHPS Bank Indonesia, Pedagang Besar, x1.0, forward-filled"
RM-GULA-001,2026-08-16,17250.0,"PIHPS Bank Indonesia, Pedagang Besar, x1.0, forward-filled"
RM-GULA-001,2026-08-17,17250.0,"PIHPS Bank Indonesia, Pedagang Besar, x1.0, forward-filled"
RM-GULA-001,2026-08-18,17250.0,"PIHPS Bank Indonesia, Pedagang Besar, x1.0, forward-filled"
RM-GULA-001,2026-08-19,17250.0,"PIHPS Bank Indonesia, Pedagang Besar, x1.0, forward-filled"
RM-GULA-001,2026-08-20,17300.0,"PIHPS Bank Indonesia, Pedagang Besar, x1.0, forward-filled"
RM-GULA-001,2026-08-21,17300.0,"PIHPS Bank Indonesia, Pedagang Besar, x1.0, forward-filled"
RM-GULA-001,2026-08-22,17300.0,"PIHPS Bank Indonesia, Pedagang Besar, x1.0, forward-filled"
RM-GULA-001,2026-08-23,17300.0,"PIHPS Bank Indonesia, Pedagang Besar, x1.0, forward-filled"
RM-GULA-001,2026-08-24,17300.0,"PIHPS Bank Indonesia, Pedagang Besar, x1.0, forward-filled"
RM-GULA-001,2026-08-25,17300.0,"PIHPS Bank Indonesia, Pedagang Besar, x1.0, forward-filled"
RM-GULA-001,2026-08-26,17300.0,"PIHPS Bank Indonesia, Pedagang Besar, x1.0, forward-filled"
RM-GULA-001,2026-08-27,17300.0,"PIHPS Bank Indonesia, Pedagang Besar, x1.0, forward-filled"
RM-GULA-001,2026-08-28,17300.0,"PIHPS Bank Indonesia, Pedagang Besar, x1.0, forward-filled"
RM-GULA-001,2026-08-29,17300.0,"PIHPS Bank Indonesia, Pedagang Besar, x1.0, forward-filled"
RM-GULA-001,2026-08-30,17300.0,"PIHPS Bank Indonesia, Pedagang Besar, x1.0, forward-filled"
RM-GULA-001,2026-08-31,17300.0,"PIHPS Bank Indonesia, Pedagang Besar, x1.0, forward-filled"
RM-GULA-001,2026-09-01,17300.0,"PIHPS Bank Indonesia, Pedagang Besar, x1.0, forward-filled"
RM-GULA-001,2026-09-02,17300.0,"PIHPS Bank Indonesia, Pedagang Besar, x1.0, forward-filled"
RM-GULA-001,2026-09-03,17450.0,"PIHPS Bank Indonesia, Pedagang Besar, x1.0, forward-filled"
RM-GULA-001,2026-09-04,17450.0,"PIHPS Bank Indonesia, Pedagang Besar, x1.0, forward-filled"
RM-GULA-001,2026-09-05,17450.0,"PIHPS Bank Indonesia, Pedagang Besar, x1.0, forward-filled"
RM-GULA-001,2026-09-06,17450.0,"PIHPS Bank Indonesia, Pedagang Besar, x1.0, forward-filled"
RM-GULA-001,2026-09-07,17450.0,"PIHPS Bank Indonesia, Pedagang Besar, x1.0, forward-filled"
RM-GULA-001,2026-09-08,17450.0,"PIHPS Bank Indonesia, Pedagang Besar, x1.0, forward-filled"
RM-GULA-001,2026-09-09,17450.0,"PIHPS Bank Indonesia, Pedagang Besar, x1.0, forward-filled"
RM-GULA-001,2026-09-10,17450.0,"PIHPS Bank Indonesia, Pedagang Besar, x1.0, forward-filled"
RM-GULA-001,2026-09-11,17450.0,"PIHPS Bank Indonesia, Pedagang Besar, x1.0, forward-filled"
RM-GULA-001,2026-09-12,17450.0,"PIHPS Bank Indonesia, Pedagang Besar, x1.0, forward-filled"
RM-GULA-001,2026-09-13,17450.0,"PIHPS Bank Indonesia, Pedagang Besar, x1.0, forward-filled"
RM-GULA-001,2026-09-14,17450.0,"PIHPS Bank Indonesia, Pedagang Besar, x1.0, forward-filled"
RM-GULA-001,2026-09-15,17450.0,"PIHPS Bank Indonesia, Pedagang Besar, x1.0, forward-filled"
RM-GULA-001,2026-09-16,17450.0,"PIHPS Bank Indonesia, Pedagang Besar, x1.0, forward-filled"
RM-GULA-001,2026-09-17,17500.0,"PIHPS Bank Indonesia, Pedagang Besar, x1.0, forward-filled"
RM-GULA-001,2026-09-18,17500.0,"PIHPS Bank Indonesia, Pedagang Besar, x1.0, forward-filled"
RM-GULA-001,2026-09-19,17500.0,"PIHPS Bank Indonesia, Pedagang Besar, x1.0, forward-filled"
RM-GULA-001,2026-09-20,17500.0,"PIHPS Bank Indonesia, Pedagang Besar, x1.0, forward-filled"
RM-GULA-001,2026-09-21,17500.0,"PIHPS Bank Indonesia, Pedagang Besar, x1.0, forward-filled"
RM-GULA-001,2026-09-22,17500.0,"PIHPS Bank Indonesia, Pedagang Besar, x1.0, forward-filled"
RM-GULA-001,2026-09-23,17500.0,"PIHPS Bank Indonesia, Pedagang Besar, x1.0, forward-filled"
RM-GULA-001,2026-09-24,17550.0,"PIHPS Bank Indonesia, Pedagang Besar, x1.0, forward-filled"
RM-GULA-001,2026-09-25,17550.0,"PIHPS Bank Indonesia, Pedagang Besar, x1.0, forward-filled"
RM-GULA-001,2026-09-26,17550.0,"PIHPS Bank Indonesia, Pedagang Besar, x1.0, forward-filled"
RM-GULA-001,2026-09-27,17550.0,"PIHPS Bank Indonesia, Pedagang Besar, x1.0, forward-filled"
RM-GULA-001,2026-09-28,17550.0,"PIHPS Bank Indonesia, Pedagang Besar, x1.0, forward-filled"
RM-GULA-001,2026-09-29,17550.0,"PIHPS Bank Indonesia, Pedagang Besar, x1.0, forward-filled"
RM-GULA-001,2026-09-30,17550.0,"PIHPS Bank Indonesia, Pedagang Besar, x1.0, forward-filled"
