EBELN,EBELP,ETENR,EINDT,MENGE,WEMNG
4500000001,10,1,2024-10-03,7000.0,7000.0
4500000002,10,1,2024-10-09,6000.0,6000.0
4500000003,10,1,2024-10-10,5500.0,5500.0
4500000004,10,1,2024-10-11,6000.0,6000.0
4500000005,10,1,2024-10-13,3000.0,3000.0
4500000006,10,1,2024-10-12,3500.0,3500.0
4500000007,10,1,2024-10-14,3000.0,3000.0
4500000008,10,1,2024-10-18,6000.0,6000.0
4500000009,10,1,2024-10-20,4500.0,3450.0
4500000010,10,1,2024-10-22,5500.0,5500.0
4500000011,10,1,2024-10-22,4500.0,4500.0
4500000012,10,1,2024-10-25,4000.0,4000.0
4500000013,10,1,2024-10-26,6500.0,6500.0
4500000014,10,1,2024-10-28,8000.0,8000.0
4500000015,10,1,2024-11-01,6500.0,6500.0
4500000016,10,1,2024-11-02,7000.0,7000.0
4500000017,10,1,2024-11-05,6500.0,6500.0
4500000018,10,1,2024-11-06,7000.0,7000.0
4500000019,10,1,2024-11-09,5000.0,5000.0
4500000020,10,1,2024-11-10,5500.0,5500.0
4500000021,10,1,2024-11-10,4500.0,4500.0
4500000022,10,1,2024-11-12,5000.0,5000.0
4500000023,10,1,2024-11-17,3500.0,3500.0
4500000024,10,1,2024-11-19,3000.0,3000.0
4500000025,10,1,2024-11-19,6000.0,6000.0
4500000026,10,1,2024-11-23,3000.0,2850.0
4500000027,10,1,2024-11-24,6500.0,6500.0
4500000028,10,1,2024-11-28,5500.0,5500.0
4500000029,10,1,2024-11-27,6000.0,6000.0
4500000030,10,1,2024-11-29,5000.0,5000.0
4500000031,10,1,2024-12-01,3500.0,3500.0
4500000032,10,1,2024-12-03,6000.0,6000.0
4500000033,10,1,2024-12-06,4500.0,4500.0
4500000034,10,1,2024-12-08,6500.0,6500.0
4500000035,10,1,2024-12-08,5000.0,5000.0
4500000036,10,1,2024-12-09,6500.0,6500.0
4500000037,10,1,2024-12-12,7500.0,7500.0
4500000038,10,1,2024-12-14,6000.0,6000.0
4500000039,10,1,2024-12-15,7000.0,7000.0
4500000040,10,1,2024-12-16,5000.0,5000.0
4500000041,10,1,2024-12-19,7500.0,7500.0
4500000042,10,1,2024-12-21,7500.0,7500.0
4500000043,10,1,2024-12-22,3000.0,3000.0
4500000044,10,1,2024-12-24,7500.0,7500.0
4500000045,10,1,2024-12-26,3500.0,3500.0
4500000046,10,1,2024-12-27,5000.0,5000.0
4500000047,10,1,2024-12-25,4500.0,4500.0
4500000048,10,1,2024-12-29,6500.0,6500.0
4500000049,10,1,2024-12-31,3500.0,3500.0
4500000050,10,1,2025-01-01,3500.0,3500.0
4500000051,10,1,2025-01-06,6500.0,6500.0
4500000052,10,1,2025-01-04,7000.0,7000.0
4500000053,10,1,2025-01-08,8000.0,8000.0
4500000054,10,1,2025-01-11,5000.0,5000.0
4500000055,10,1,2025-01-09,7000.0,7000.0
4500000056,10,1,2025-01-12,6000.0,6000.0
4500000057,10,1,2025-01-14,5500.0,5500.0
4500000058,10,1,2025-01-15,5500.0,5500.0
4500000059,10,1,2025-01-17,6000.0,6000.0
4500000060,10,1,2025-01-21,3000.0,3000.0
4500000061,10,1,2025-01-23,3500.0,3500.0
4500000062,10,1,2025-01-24,7000.0,7000.0
4500000063,10,1,2025-01-25,6000.0,6000.0
4500000064,10,1,2025-01-28,3500.0,3500.0
4500000065,10,1,2025-01-29,6500.0,6500.0
4500000066,10,1,2025-01-31,7000.0,7000.0
4500000067,10,1,2025-02-02,4500.0,4500.0
4500000068,10,1,2025-02-03,6000.0,6000.0
4500000069,10,1,2025-02-04,4000.0,4000.0
4500000070,10,1,2025-02-05,4000.0,4000.0
4500000071,10,1,2025-02-08,6000.0,6000.0
4500000072,10,1,2025-02-11,6000.0,6000.0
4500000073,10,1,2025-02-12,3000.0,3000.0
4500000074,10,1,2025-02-16,7000.0,7000.0
4500000075,10,1,2025-02-15,5000.0,5000.0
4500000076,10,1,2025-02-16,3500.0,3500.0
4500000077,10,1,2025-02-19,5500.0,5500.0
4500000078,10,1,2025-02-18,6500.0,6500.0
4500000079,10,1,2025-02-20,4500.0,4500.0
4500000080,10,1,2025-02-23,5500.0,5500.0
4500000081,10,1,2025-02-25,4000.0,4000.0
4500000082,10,1,2025-02-24,7000.0,7000.0
4500000083,10,1,2025-02-28,8000.0,8000.0
4500000084,10,1,2025-03-03,5000.0,5000.0
4500000085,10,1,2025-03-01,5500.0,4300.0
4500000086,10,1,2025-03-04,6000.0,6000.0
4500000087,10,1,2025-03-07,5000.0,5000.0
4500000088,10,1,2025-03-07,5500.0,5500.0
4500000089,10,1,2025-03-11,6000.0,6000.0
4500000090,10,1,2025-03-10,6000.0,6000.0
4500000091,10,1,2025-03-13,6000.0,6000.0
4500000092,10,1,2025-03-16,6500.0,6500.0
4500000093,10,1,2025-03-16,5500.0,5500.0
4500000094,10,1,2025-03-17,5000.0,5000.0
4500000095,10,1,2025-03-19,5000.0,5000.0
4500000096,10,1,2025-03-21,5000.0,5000.0
4500000097,10,1,2025-03-20,5500.0,5500.0
4500000098,10,1,2025-03-24,6000.0,6000.0
4500000099,10,1,2025-03-27,7000.0,7000.0
4500000100,10,1,2025-03-26,4000.0,4000.0
4500000101,10,1,2025-03-30,5000.0,5000.0
4500000102,10,1,2025-03-31,4500.0,4500.0
4500000103,10,1,2025-04-02,7000.0,7000.0
4500000104,10,1,2025-04-06,3000.0,3000.0
4500000105,10,1,2025-04-08,5000.0,5000.0
4500000106,10,1,2025-04-08,6500.0,6500.0
4500000107,10,1,2025-04-10,8000.0,8000.0
4500000108,10,1,2025-04-11,4000.0,4000.0
4500000109,10,1,2025-04-13,3000.0,3000.0
4500000110,10,1,2025-04-14,5000.0,5000.0
4500000111,10,1,2025-04-14,6500.0,6500.0
4500000112,10,1,2025-04-18,5000.0,5000.0
4500000113,10,1,2025-04-22,5500.0,5500.0
4500000114,10,1,2025-04-21,5000.0,5000.0
4500000115,10,1,2025-04-22,4000.0,4000.0
4500000116,10,1,2025-04-26,5000.0,5000.0
4500000117,10,1,2025-04-28,3500.0,3500.0
4500000118,10,1,2025-04-30,4500.0,4500.0
4500000119,10,1,2025-04-30,5000.0,5000.0
4500000120,10,1,2025-05-01,4000.0,4000.0
4500000121,10,1,2025-05-06,6000.0,6000.0
4500000122,10,1,2025-05-06,7000.0,5300.0
4500000123,10,1,2025-05-07,6500.0,6500.0
4500000124,10,1,2025-05-10,4000.0,4000.0
4500000125,10,1,2025-05-12,6000.0,6000.0
4500000126,10,1,2025-05-12,6000.0,6000.0
4500000127,10,1,2025-05-14,6500.0,6500.0
4500000128,10,1,2025-05-17,4500.0,4500.0
4500000129,10,1,2025-05-20,5500.0,5500.0
4500000130,10,1,2025-05-21,3000.0,3000.0
4500000131,10,1,2025-05-21,5500.0,5500.0
4500000132,10,1,2025-05-23,5000.0,5000.0
4500000133,10,1,2025-05-24,7500.0,7500.0
4500000134,10,1,2025-05-27,7000.0,7000.0
4500000135,10,1,2025-05-27,4000.0,4000.0
4500000136,10,1,2025-05-28,5000.0,4350.0
4500000137,10,1,2025-05-31,7000.0,7000.0
4500000138,10,1,2025-06-01,8000.0,8000.0
4500000139,10,1,2025-06-02,3500.0,3500.0
4500000140,10,1,2025-06-05,6500.0,6500.0
4500000141,10,1,2025-06-07,8000.0,4900.0
4500000142,10,1,2025-06-07,5500.0,5500.0
4500000143,10,1,2025-06-09,5000.0,5000.0
4500000144,10,1,2025-06-09,7500.0,7500.0
4500000145,10,1,2025-06-11,7500.0,7500.0
4500000146,10,1,2025-06-15,7500.0,7500.0
4500000147,10,1,2025-06-12,4500.0,4500.0
4500000148,10,1,2025-06-16,7500.0,7500.0
4500000149,10,1,2025-06-18,5000.0,5000.0
4500000150,10,1,2025-06-21,5000.0,5000.0
4500000151,10,1,2025-06-23,5000.0,3100.0
4500000152,10,1,2025-06-23,8000.0,8000.0
4500000153,10,1,2025-06-24,8000.0,8000.0
4500000154,10,1,2025-06-26,3000.0,3000.0
4500000155,10,1,2025-06-29,6000.0,6000.0
4500000156,10,1,2025-06-29,3000.0,3000.0
4500000157,10,1,2025-07-01,3500.0,3500.0
4500000158,10,1,2025-07-06,6000.0,6000.0
4500000159,10,1,2025-07-06,3500.0,3500.0
4500000160,10,1,2025-07-06,7500.0,7500.0
4500000161,10,1,2025-07-09,3500.0,3500.0
4500000162,10,1,2025-07-11,6500.0,6500.0
4500000163,10,1,2025-07-13,3000.0,3000.0
4500000164,10,1,2025-07-15,3000.0,3000.0
4500000165,10,1,2025-07-16,4000.0,4000.0
4500000166,10,1,2025-07-18,7500.0,7500.0
4500000167,10,1,2025-07-21,7500.0,5100.0
4500000168,10,1,2025-07-21,6000.0,6000.0
4500000169,10,1,2025-07-22,5500.0,5500.0
4500000170,10,1,2025-07-23,3000.0,3000.0
4500000171,10,1,2025-07-26,7500.0,7500.0
4500000172,10,1,2025-07-27,4000.0,4000.0
4500000173,10,1,2025-07-28,3500.0,3500.0
4500000174,10,1,2025-08-01,7000.0,7000.0
4500000175,10,1,2025-08-01,8000.0,8000.0
4500000176,10,1,2025-08-06,5500.0,5500.0
4500000177,10,1,2025-08-10,7500.0,7500.0
4500000178,10,1,2025-08-11,7000.0,7000.0
4500000179,10,1,2025-08-12,5000.0,5000.0
4500000180,10,1,2025-08-13,5500.0,5500.0
4500000181,10,1,2025-08-15,3500.0,2300.0
4500000182,10,1,2025-08-17,6000.0,6000.0
4500000183,10,1,2025-08-18,6000.0,6000.0
4500000184,10,1,2025-08-17,6500.0,6500.0
4500000185,10,1,2025-08-20,4000.0,4000.0
4500000186,10,1,2025-08-22,3500.0,3500.0
4500000187,10,1,2025-08-26,3500.0,3500.0
4500000188,10,1,2025-08-25,3500.0,3500.0
4500000189,10,1,2025-08-27,6000.0,6000.0
4500000190,10,1,2025-08-27,5000.0,5000.0
4500000191,10,1,2025-08-29,6500.0,6500.0
4500000192,10,1,2025-09-01,5500.0,5500.0
4500000193,10,1,2025-08-31,6000.0,6000.0
4500000194,10,1,2025-09-02,3500.0,3500.0
4500000195,10,1,2025-09-03,3500.0,3500.0
4500000196,10,1,2025-09-07,4500.0,4500.0
4500000197,10,1,2025-09-06,4000.0,4000.0
4500000198,10,1,2025-09-10,3000.0,3000.0
4500000199,10,1,2025-09-10,6500.0,6500.0
4500000200,10,1,2025-09-10,3500.0,3500.0
4500000201,10,1,2025-09-14,7000.0,7000.0
4500000202,10,1,2025-09-15,6500.0,6500.0
4500000203,10,1,2025-09-19,3500.0,3500.0
4500000204,10,1,2025-09-19,3500.0,3500.0
4500000205,10,1,2025-09-21,5500.0,5500.0
4500000206,10,1,2025-09-23,5500.0,5500.0
4500000207,10,1,2025-09-25,3000.0,3000.0
4500000208,10,1,2025-09-26,5000.0,5000.0
4500000209,10,1,2025-09-26,4500.0,4500.0
4500000210,10,1,2025-09-28,7500.0,7500.0
4500000211,10,1,2025-10-01,6500.0,6500.0
4500000212,10,1,2025-10-01,4000.0,4000.0
4500000213,10,1,2025-10-04,3000.0,3000.0
4500000214,10,1,2025-10-05,5500.0,5500.0
4500000215,10,1,2025-10-04,5500.0,5500.0
4500000216,10,1,2025-10-07,7000.0,7000.0
4500000217,10,1,2025-10-10,7000.0,7000.0
4500000218,10,1,2025-10-12,4500.0,4500.0
4500000219,10,1,2025-10-14,6500.0,6500.0
4500000220,10,1,2025-10-15,4000.0,4000.0
4500000221,10,1,2025-10-19,5500.0,5500.0
4500000222,10,1,2025-10-20,6500.0,6500.0
4500000223,10,1,2025-10-20,7500.0,7500.0
4500000224,10,1,2025-10-23,4500.0,4500.0
4500000225,10,1,2025-10-24,7000.0,7000.0
4500000226,10,1,2025-10-26,7000.0,7000.0
4500000227,10,1,2025-10-27,4000.0,4000.0
4500000228,10,1,2025-10-28,5500.0,5500.0
4500000229,10,1,2025-10-31,3500.0,3500.0
4500000230,10,1,2025-11-04,8000.0,8000.0
4500000231,10,1,2025-11-05,7500.0,7500.0
4500000232,10,1,2025-11-05,7000.0,7000.0
4500000233,10,1,2025-11-07,3000.0,3000.0
4500000234,10,1,2025-11-09,3500.0,3500.0
4500000235,10,1,2025-11-11,4000.0,4000.0
4500000236,10,1,2025-11-16,4500.0,4500.0
4500000237,10,1,2025-11-17,4500.0,4500.0
4500000238,10,1,2025-11-17,5500.0,5500.0
4500000239,10,1,2025-11-20,3000.0,3000.0
4500000240,10,1,2025-11-21,5000.0,5000.0
4500000241,10,1,2025-11-21,6000.0,6000.0
4500000242,10,1,2025-11-24,4000.0,3350.0
4500000243,10,1,2025-11-27,4500.0,4500.0
4500000244,10,1,2025-11-26,5500.0,5500.0
4500000245,10,1,2025-11-29,4500.0,4500.0
4500000246,10,1,2025-11-30,3500.0,3500.0
4500000247,10,1,2025-12-02,5500.0,5500.0
4500000248,10,1,2025-12-04,3000.0,3000.0
4500000249,10,1,2025-12-07,4500.0,4500.0
4500000250,10,1,2025-12-08,5500.0,3500.0
4500000251,10,1,2025-12-11,5000.0,5000.0
4500000252,10,1,2025-12-11,5000.0,5000.0
4500000253,10,1,2025-12-13,6500.0,6500.0
4500000254,10,1,2025-12-15,5500.0,5500.0
4500000255,10,1,2025-12-16,8000.0,5950.0
4500000256,10,1,2025-12-17,3000.0,3000.0
4500000257,10,1,2025-12-19,7000.0,7000.0
4500000258,10,1,2025-12-21,7500.0,7500.0
4500000259,10,1,2025-12-25,3500.0,3500.0
4500000260,10,1,2025-12-27,3000.0,3000.0
4500000261,10,1,2025-12-27,4000.0,4000.0
4500000262,10,1,2025-12-30,4000.0,4000.0
4500000263,10,1,2025-12-31,3500.0,3500.0
4500000264,10,1,2025-12-29,5500.0,5500.0
4500000265,10,1,2026-01-03,3500.0,3500.0
4500000266,10,1,2026-01-06,3500.0,3500.0
4500000267,10,1,2026-01-05,5500.0,4000.0
4500000268,10,1,2026-01-08,7000.0,4500.0
4500000269,10,1,2026-01-09,6000.0,6000.0
4500000270,10,1,2026-01-12,4500.0,2750.0
4500000271,10,1,2026-01-12,3000.0,3000.0
4500000272,10,1,2026-01-15,8000.0,8000.0
4500000273,10,1,2026-01-17,3500.0,3500.0
4500000274,10,1,2026-01-18,4000.0,4000.0
4500000275,10,1,2026-01-17,7000.0,7000.0
4500000276,10,1,2026-01-21,4000.0,4000.0
4500000277,10,1,2026-01-21,3000.0,3000.0
4500000278,10,1,2026-01-23,4500.0,4500.0
4500000279,10,1,2026-01-26,3000.0,3000.0
4500000280,10,1,2026-01-26,6500.0,6500.0
4500000281,10,1,2026-01-28,3500.0,3500.0
4500000282,10,1,2026-01-31,7500.0,7500.0
4500000283,10,1,2026-01-31,7000.0,7000.0
4500000284,10,1,2026-02-02,5500.0,4600.0
4500000285,10,1,2026-02-05,4000.0,4000.0
4500000286,10,1,2026-02-04,5500.0,5500.0
4500000287,10,1,2026-02-04,7500.0,7500.0
4500000288,10,1,2026-02-08,7000.0,7000.0
4500000289,10,1,2026-02-06,5000.0,5000.0
4500000290,10,1,2026-02-08,6000.0,6000.0
4500000291,10,1,2026-02-13,5000.0,5000.0
4500000292,10,1,2026-02-16,7000.0,7000.0
4500000293,10,1,2026-02-14,6500.0,6500.0
4500000294,10,1,2026-02-19,4500.0,4500.0
4500000295,10,1,2026-02-20,6000.0,6000.0
4500000296,10,1,2026-02-19,4000.0,4000.0
4500000297,10,1,2026-02-22,5500.0,5500.0
4500000298,10,1,2026-02-25,8000.0,6700.0
4500000299,10,1,2026-02-28,5500.0,5500.0
4500000300,10,1,2026-02-26,3000.0,3000.0
4500000301,10,1,2026-03-02,6000.0,6000.0
4500000302,10,1,2026-03-04,4000.0,4000.0
4500000303,10,1,2026-03-06,3500.0,3500.0
4500000304,10,1,2026-03-06,4000.0,4000.0
4500000305,10,1,2026-03-08,6500.0,6500.0
4500000306,10,1,2026-03-10,7500.0,7500.0
4500000307,10,1,2026-03-11,4000.0,4000.0
4500000308,10,1,2026-03-13,6500.0,6500.0
4500000309,10,1,2026-03-14,4000.0,4000.0
4500000310,10,1,2026-03-15,4000.0,4000.0
4500000311,10,1,2026-03-17,3000.0,3000.0
4500000312,10,1,2026-03-18,8000.0,8000.0
4500000313,10,1,2026-03-19,4000.0,4000.0
4500000314,10,1,2026-03-22,4500.0,4500.0
4500000315,10,1,2026-03-24,3000.0,3000.0
4500000316,10,1,2026-03-29,5500.0,5500.0
4500000317,10,1,2026-03-29,6000.0,6000.0
4500000318,10,1,2026-03-31,4500.0,4500.0
4500000319,10,1,2026-03-31,7000.0,7000.0
4500000320,10,1,2026-04-02,3500.0,3500.0
4500000321,10,1,2026-04-01,6000.0,6000.0
4500000322,10,1,2026-04-02,4500.0,4500.0
4500000323,10,1,2026-04-06,4500.0,4500.0
4500000324,10,1,2026-04-09,6000.0,6000.0
4500000325,10,1,2026-04-08,5000.0,5000.0
4500000326,10,1,2026-04-12,8000.0,8000.0
4500000327,10,1,2026-04-11,3500.0,3500.0
4500000328,10,1,2026-04-11,8000.0,8000.0
4500000329,10,1,2026-04-13,3500.0,3500.0
4500000330,10,1,2026-04-14,7500.0,7500.0
4500000331,10,1,2026-04-18,6500.0,6500.0
4500000332,10,1,2026-04-20,7000.0,7000.0
4500000333,10,1,2026-04-22,8000.0,6600.0
4500000334,10,1,2026-04-24,5000.0,5000.0
4500000335,10,1,2026-04-25,6500.0,6500.0
4500000336,10,1,2026-04-28,7500.0,7500.0
4500000337,10,1,2026-04-28,3000.0,3000.0
4500000338,10,1,2026-04-27,4500.0,4500.0
4500000339,10,1,2026-05-01,4000.0,4000.0
4500000340,10,1,2026-05-02,8000.0,8000.0
4500000341,10,1,2026-05-06,4500.0,4500.0
4500000342,10,1,2026-05-08,7000.0,7000.0
4500000343,10,1,2026-05-09,3500.0,2100.0
4500000344,10,1,2026-05-11,7500.0,7500.0
4500000345,10,1,2026-05-11,3500.0,3500.0
4500000346,10,1,2026-05-14,3500.0,3500.0
4500000347,10,1,2026-05-16,7500.0,7500.0
4500000348,10,1,2026-05-17,4500.0,4500.0
4500000349,10,1,2026-05-18,3500.0,3500.0
4500000350,10,1,2026-05-20,4000.0,4000.0
4500000351,10,1,2026-05-22,8000.0,8000.0
4500000352,10,1,2026-05-23,3000.0,3000.0
4500000353,10,1,2026-05-24,5000.0,5000.0
4500000354,10,1,2026-05-27,7000.0,7000.0
4500000355,10,1,2026-05-30,3000.0,3000.0
4500000356,10,1,2026-06-02,7000.0,7000.0
4500000357,10,1,2026-06-03,6000.0,6000.0
4500000358,10,1,2026-06-04,5500.0,5500.0
4500000359,10,1,2026-06-07,7500.0,7500.0
4500000360,10,1,2026-06-06,8000.0,8000.0
4500000361,10,1,2026-06-08,7000.0,7000.0
4500000362,10,1,2026-06-08,6000.0,6000.0
4500000363,10,1,2026-06-10,6000.0,6000.0
4500000364,10,1,2026-06-12,4500.0,4500.0
4500000365,10,1,2026-06-14,4500.0,4500.0
4500000366,10,1,2026-06-17,8000.0,8000.0
4500000367,10,1,2026-06-16,7000.0,7000.0
4500000368,10,1,2026-06-21,3500.0,3500.0
4500000369,10,1,2026-06-20,3000.0,3000.0
4500000370,10,1,2026-06-23,6500.0,6500.0
4500000371,10,1,2026-06-25,3500.0,3500.0
4500000372,10,1,2026-06-27,7500.0,7500.0
4500000373,10,1,2026-06-27,3000.0,3000.0
4500000374,10,1,2026-06-27,6000.0,6000.0
4500000375,10,1,2026-07-01,8000.0,8000.0
4500000376,10,1,2026-07-05,6500.0,6500.0
4500000377,10,1,2026-07-05,8000.0,7600.0
4500000378,10,1,2026-07-05,5000.0,5000.0
4500000379,10,1,2026-07-05,4000.0,4000.0
4500000380,10,1,2026-07-09,3000.0,1900.0
4500000381,10,1,2026-07-10,7000.0,7000.0
4500000382,10,1,2026-07-12,4000.0,4000.0
4500000383,10,1,2026-07-13,3500.0,3500.0
4500000384,10,1,2026-07-15,6500.0,6500.0
4500000385,10,1,2026-07-17,7000.0,7000.0
4500000386,10,1,2026-07-17,6000.0,6000.0
4500000387,10,1,2026-07-18,5500.0,5500.0
4500000388,10,1,2026-07-21,5500.0,5500.0
4500000389,10,1,2026-07-23,4000.0,4000.0
4500000390,10,1,2026-07-22,3000.0,3000.0
4500000391,10,1,2026-07-24,3500.0,3500.0
4500000392,10,1,2026-07-25,6000.0,6000.0
4500000393,10,1,2026-07-28,4000.0,4000.0
4500000394,10,1,2026-07-31,3000.0,3000.0
4500000395,10,1,2026-07-31,3500.0,3500.0
4500000396,10,1,2026-08-02,3500.0,3500.0
4500000397,10,1,2026-08-03,8000.0,8000.0
4500000398,10,1,2026-08-05,7500.0,7500.0
4500000399,10,1,2026-08-07,7000.0,7000.0
4500000400,10,1,2026-08-07,5000.0,5000.0
4500000401,10,1,2026-08-11,5500.0,5500.0
4500000402,10,1,2026-08-12,6500.0,6500.0
4500000403,10,1,2026-08-15,3500.0,3500.0
4500000404,10,1,2026-08-16,6000.0,6000.0
4500000405,10,1,2026-08-18,4000.0,4000.0
4500000406,10,1,2026-08-19,4000.0,4000.0
4500000407,10,1,2026-08-19,7000.0,7000.0
4500000408,10,1,2026-08-23,6500.0,5150.0
4500000409,10,1,2026-08-24,6500.0,6500.0
4500000410,10,1,2026-08-27,4000.0,4000.0
4500000411,10,1,2026-08-27,8000.0,8000.0
4500000412,10,1,2026-09-01,6000.0,5100.0
4500000413,10,1,2026-09-03,4000.0,4000.0
4500000414,10,1,2026-09-04,4500.0,4500.0
4500000415,10,1,2026-09-06,4000.0,4000.0
4500000416,10,1,2026-09-08,7500.0,7500.0
4500000417,10,1,2026-09-11,5000.0,5000.0
4500000418,10,1,2026-09-12,8000.0,8000.0
4500000419,10,1,2026-09-12,5500.0,5500.0
4500000420,10,1,2026-09-15,6000.0,6000.0
4500000421,10,1,2026-09-15,7000.0,7000.0
4500000422,10,1,2026-09-16,7000.0,7000.0
4500000423,10,1,2026-09-21,5000.0,5000.0
4500000424,10,1,2026-09-22,8000.0,8000.0
4500000425,10,1,2026-09-21,6500.0,6500.0
4500000426,10,1,2026-09-24,6500.0,6500.0
4500000427,10,1,2026-09-25,4000.0,4000.0
4500000428,10,1,2026-09-28,4000.0,4000.0
4500000429,10,1,2026-09-28,4500.0,4500.0
4500000430,10,1,2026-10-02,4500.0,0.0
4500000431,10,1,2026-10-04,10000.0,0.0
4500000432,10,1,2026-10-03,8000.0,0.0
4500000433,10,1,2026-10-01,12000.0,0.0
4500000434,10,1,2026-10-03,3500.0,0.0
