EBELN,BUKRS,BSTYP,BSART,LIFNR,EKORG,EKGRP,BEDAT,ERNAM,WAERS
4500000001,1000,F,NB,100104,1000,P01,2024-10-01,BUYER01,IDR
4500000002,1000,F,NB,100101,1000,P01,2024-10-03,BUYER01,IDR
4500000003,1000,F,NB,100101,1000,P01,2024-10-04,BUYER03,IDR
4500000004,1000,F,NB,100108,1000,P01,2024-10-07,BUYER03,IDR
4500000005,1000,F,NB,100106,1000,P01,2024-10-09,BUYER03,IDR
4500000006,1000,F,NB,100104,1000,P01,2024-10-10,BUYER04,IDR
4500000007,1000,F,NB,100102,1000,P01,2024-10-11,BUYER04,IDR
4500000008,1000,F,NB,100106,1000,P01,2024-10-14,BUYER01,IDR
4500000009,1000,F,NB,100110,1000,P01,2024-10-15,BUYER01,IDR
4500000010,1000,F,NB,100110,1000,P01,2024-10-17,BUYER02,IDR
4500000011,1000,F,NB,100108,1000,P01,2024-10-18,BUYER01,IDR
4500000012,1000,F,NB,100108,1000,P01,2024-10-21,BUYER02,IDR
4500000013,1000,F,NB,100102,1000,P01,2024-10-23,BUYER02,IDR
4500000014,1000,F,NB,100106,1000,P01,2024-10-24,BUYER02,IDR
4500000015,1000,F,NB,100101,1000,P01,2024-10-26,BUYER01,IDR
4500000016,1000,F,NB,100110,1000,P01,2024-10-28,BUYER04,IDR
4500000017,1000,F,NB,100101,1000,P01,2024-10-30,BUYER01,IDR
4500000018,1000,F,NB,100105,1000,P01,2024-11-01,BUYER01,IDR
4500000019,1000,F,NB,100110,1000,P01,2024-11-04,BUYER04,IDR
4500000020,1000,F,NB,100105,1000,P01,2024-11-05,BUYER03,IDR
4500000021,1000,F,NB,100107,1000,P01,2024-11-06,BUYER01,IDR
4500000022,1000,F,NB,100107,1000,P01,2024-11-08,BUYER03,IDR
4500000023,1000,F,NB,100101,1000,P01,2024-11-11,BUYER01,IDR
4500000024,1000,F,NB,100101,1000,P01,2024-11-13,BUYER02,IDR
4500000025,1000,F,NB,100106,1000,P01,2024-11-15,BUYER01,IDR
4500000026,1000,F,NB,100110,1000,P01,2024-11-18,BUYER01,IDR
4500000027,1000,F,NB,100106,1000,P01,2024-11-20,BUYER01,IDR
4500000028,1000,F,NB,100101,1000,P01,2024-11-22,BUYER03,IDR
4500000029,1000,F,NB,100106,1000,P01,2024-11-23,BUYER03,IDR
4500000030,1000,F,NB,100103,1000,P01,2024-11-25,BUYER01,IDR
4500000031,1000,F,NB,100106,1000,P01,2024-11-27,BUYER01,IDR
4500000032,1000,F,NB,100107,1000,P01,2024-11-29,BUYER03,IDR
4500000033,1000,F,NB,100101,1000,P01,2024-11-30,BUYER01,IDR
4500000034,1000,F,NB,100101,1000,P01,2024-12-02,BUYER01,IDR
4500000035,1000,F,NB,100105,1000,P01,2024-12-03,BUYER01,IDR
4500000036,1000,F,NB,100107,1000,P01,2024-12-05,BUYER03,IDR
4500000037,1000,F,NB,100110,1000,P01,2024-12-07,BUYER01,IDR
4500000038,1000,F,NB,100110,1000,P01,2024-12-09,BUYER01,IDR
4500000039,1000,F,NB,100108,1000,P01,2024-12-11,BUYER04,IDR
4500000040,1000,F,NB,100108,1000,P01,2024-12-12,BUYER04,IDR
4500000041,1000,F,NB,100105,1000,P01,2024-12-14,BUYER01,IDR
4500000042,1000,F,NB,100110,1000,P01,2024-12-16,BUYER01,IDR
4500000043,1000,F,NB,100103,1000,P01,2024-12-18,BUYER01,IDR
4500000044,1000,F,NB,100105,1000,P01,2024-12-19,BUYER03,IDR
4500000045,1000,F,NB,100101,1000,P01,2024-12-20,BUYER02,IDR
4500000046,1000,F,NB,100101,1000,P01,2024-12-21,BUYER01,IDR
4500000047,1000,F,NB,100104,1000,P01,2024-12-23,BUYER01,IDR
4500000048,1000,F,NB,100106,1000,P01,2024-12-25,BUYER01,IDR
4500000049,1000,F,NB,100103,1000,P01,2024-12-27,BUYER02,IDR
4500000050,1000,F,NB,100104,1000,P01,2024-12-30,BUYER02,IDR
4500000051,1000,F,NB,100110,1000,P01,2025-01-01,BUYER03,IDR
4500000052,1000,F,NB,100104,1000,P01,2025-01-02,BUYER02,IDR
4500000053,1000,F,NB,100107,1000,P01,2025-01-04,BUYER03,IDR
4500000054,1000,F,NB,100105,1000,P01,2025-01-06,BUYER01,IDR
4500000055,1000,F,NB,100104,1000,P01,2025-01-07,BUYER02,IDR
4500000056,1000,F,NB,100108,1000,P01,2025-01-08,BUYER01,IDR
4500000057,1000,F,NB,100103,1000,P01,2025-01-10,BUYER02,IDR
4500000058,1000,F,NB,100106,1000,P01,2025-01-11,BUYER04,IDR
4500000059,1000,F,NB,100108,1000,P01,2025-01-13,BUYER02,IDR
4500000060,1000,F,NB,100101,1000,P01,2025-01-15,BUYER01,IDR
4500000061,1000,F,NB,100101,1000,P01,2025-01-17,BUYER02,IDR
4500000062,1000,F,NB,100106,1000,P01,2025-01-20,BUYER02,IDR
4500000063,1000,F,NB,100103,1000,P01,2025-01-21,BUYER04,IDR
4500000064,1000,F,NB,100105,1000,P01,2025-01-23,BUYER01,IDR
4500000065,1000,F,NB,100103,1000,P01,2025-01-25,BUYER01,IDR
4500000066,1000,F,NB,100106,1000,P01,2025-01-27,BUYER01,IDR
4500000067,1000,F,NB,100108,1000,P01,2025-01-29,BUYER01,IDR
4500000068,1000,F,NB,100106,1000,P01,2025-01-30,BUYER03,IDR
4500000069,1000,F,NB,100108,1000,P01,2025-01-31,BUYER02,IDR
4500000070,1000,F,NB,100108,1000,P01,2025-02-01,BUYER02,IDR
4500000071,1000,F,NB,100105,1000,P01,2025-02-03,BUYER03,IDR
4500000072,1000,F,NB,100101,1000,P01,2025-02-05,BUYER02,IDR
4500000073,1000,F,NB,100110,1000,P01,2025-02-07,BUYER02,IDR
4500000074,1000,F,NB,100101,1000,P01,2025-02-10,BUYER03,IDR
4500000075,1000,F,NB,100103,1000,P01,2025-02-11,BUYER01,IDR
4500000076,1000,F,NB,100107,1000,P01,2025-02-12,BUYER03,IDR
4500000077,1000,F,NB,100110,1000,P01,2025-02-14,BUYER01,IDR
4500000078,1000,F,NB,100102,1000,P01,2025-02-15,BUYER01,IDR
4500000079,1000,F,NB,100102,1000,P01,2025-02-17,BUYER03,IDR
4500000080,1000,F,NB,100106,1000,P01,2025-02-19,BUYER03,IDR
4500000081,1000,F,NB,100105,1000,P01,2025-02-20,BUYER01,IDR
4500000082,1000,F,NB,100102,1000,P01,2025-02-21,BUYER02,IDR
4500000083,1000,F,NB,100107,1000,P01,2025-02-24,BUYER04,IDR
4500000084,1000,F,NB,100101,1000,P01,2025-02-25,BUYER04,IDR
4500000085,1000,F,NB,100104,1000,P01,2025-02-27,BUYER03,IDR
4500000086,1000,F,NB,100102,1000,P01,2025-03-01,BUYER02,IDR
4500000087,1000,F,NB,100106,1000,P01,2025-03-03,BUYER01,IDR
4500000088,1000,F,NB,100102,1000,P01,2025-03-04,BUYER04,IDR
4500000089,1000,F,NB,100101,1000,P01,2025-03-05,BUYER02,IDR
4500000090,1000,F,NB,100103,1000,P01,2025-03-06,BUYER04,IDR
4500000091,1000,F,NB,100101,1000,P01,2025-03-07,BUYER01,IDR
4500000092,1000,F,NB,100101,1000,P01,2025-03-10,BUYER02,IDR
4500000093,1000,F,NB,100107,1000,P01,2025-03-12,BUYER03,IDR
4500000094,1000,F,NB,100103,1000,P01,2025-03-13,BUYER04,IDR
4500000095,1000,F,NB,100107,1000,P01,2025-03-15,BUYER03,IDR
4500000096,1000,F,NB,100103,1000,P01,2025-03-17,BUYER02,IDR
4500000097,1000,F,NB,100104,1000,P01,2025-03-18,BUYER02,IDR
4500000098,1000,F,NB,100110,1000,P01,2025-03-19,BUYER02,IDR
4500000099,1000,F,NB,100101,1000,P01,2025-03-21,BUYER03,IDR
4500000100,1000,F,NB,100104,1000,P01,2025-03-24,BUYER04,IDR
4500000101,1000,F,NB,100110,1000,P01,2025-03-25,BUYER04,IDR
4500000102,1000,F,NB,100106,1000,P01,2025-03-27,BUYER02,IDR
4500000103,1000,F,NB,100107,1000,P01,2025-03-29,BUYER03,IDR
4500000104,1000,F,NB,100101,1000,P01,2025-03-31,BUYER01,IDR
4500000105,1000,F,NB,100101,1000,P01,2025-04-02,BUYER03,IDR
4500000106,1000,F,NB,100105,1000,P01,2025-04-03,BUYER04,IDR
4500000107,1000,F,NB,100110,1000,P01,2025-04-05,BUYER04,IDR
4500000108,1000,F,NB,100108,1000,P01,2025-04-07,BUYER04,IDR
4500000109,1000,F,NB,100110,1000,P01,2025-04-08,BUYER04,IDR
4500000110,1000,F,NB,100106,1000,P01,2025-04-10,BUYER04,IDR
4500000111,1000,F,NB,100104,1000,P01,2025-04-12,BUYER01,IDR
4500000112,1000,F,NB,100106,1000,P01,2025-04-14,BUYER01,IDR
4500000113,1000,F,NB,100101,1000,P01,2025-04-16,BUYER01,IDR
4500000114,1000,F,NB,100106,1000,P01,2025-04-17,BUYER03,IDR
4500000115,1000,F,NB,100106,1000,P01,2025-04-18,BUYER04,IDR
4500000116,1000,F,NB,100105,1000,P01,2025-04-21,BUYER02,IDR
4500000117,1000,F,NB,100105,1000,P01,2025-04-23,BUYER04,IDR
4500000118,1000,F,NB,100110,1000,P01,2025-04-25,BUYER01,IDR
4500000119,1000,F,NB,100106,1000,P01,2025-04-26,BUYER04,IDR
4500000120,1000,F,NB,100102,1000,P01,2025-04-28,BUYER02,IDR
4500000121,1000,F,NB,100101,1000,P01,2025-04-30,BUYER04,IDR
4500000122,1000,F,NB,100103,1000,P01,2025-05-02,BUYER01,IDR
4500000123,1000,F,NB,100103,1000,P01,2025-05-03,BUYER03,IDR
4500000124,1000,F,NB,100110,1000,P01,2025-05-05,BUYER04,IDR
4500000125,1000,F,NB,100105,1000,P01,2025-05-07,BUYER01,IDR
4500000126,1000,F,NB,100103,1000,P01,2025-05-08,BUYER02,IDR
4500000127,1000,F,NB,100106,1000,P01,2025-05-10,BUYER03,IDR
4500000128,1000,F,NB,100105,1000,P01,2025-05-12,BUYER03,IDR
4500000129,1000,F,NB,100101,1000,P01,2025-05-14,BUYER02,IDR
4500000130,1000,F,NB,100105,1000,P01,2025-05-16,BUYER03,IDR
4500000131,1000,F,NB,100103,1000,P01,2025-05-17,BUYER04,IDR
4500000132,1000,F,NB,100103,1000,P01,2025-05-19,BUYER04,IDR
4500000133,1000,F,NB,100108,1000,P01,2025-05-20,BUYER01,IDR
4500000134,1000,F,NB,100101,1000,P01,2025-05-21,BUYER02,IDR
4500000135,1000,F,NB,100110,1000,P01,2025-05-22,BUYER02,IDR
4500000136,1000,F,NB,100110,1000,P01,2025-05-23,BUYER04,IDR
4500000137,1000,F,NB,100105,1000,P01,2025-05-26,BUYER03,IDR
4500000138,1000,F,NB,100108,1000,P01,2025-05-28,BUYER02,IDR
4500000139,1000,F,NB,100108,1000,P01,2025-05-29,BUYER03,IDR
4500000140,1000,F,NB,100101,1000,P01,2025-05-30,BUYER03,IDR
4500000141,1000,F,NB,100110,1000,P01,2025-06-02,BUYER04,IDR
4500000142,1000,F,NB,100106,1000,P01,2025-06-03,BUYER03,IDR
4500000143,1000,F,NB,100110,1000,P01,2025-06-04,BUYER03,IDR
4500000144,1000,F,NB,100108,1000,P01,2025-06-05,BUYER01,IDR
4500000145,1000,F,NB,100107,1000,P01,2025-06-07,BUYER03,IDR
4500000146,1000,F,NB,100101,1000,P01,2025-06-09,BUYER04,IDR
4500000147,1000,F,NB,100104,1000,P01,2025-06-10,BUYER01,IDR
4500000148,1000,F,NB,100106,1000,P01,2025-06-12,BUYER04,IDR
4500000149,1000,F,NB,100107,1000,P01,2025-06-14,BUYER03,IDR
4500000150,1000,F,NB,100110,1000,P01,2025-06-16,BUYER01,IDR
4500000151,1000,F,NB,100101,1000,P01,2025-06-17,BUYER01,IDR
4500000152,1000,F,NB,100110,1000,P01,2025-06-18,BUYER04,IDR
4500000153,1000,F,NB,100110,1000,P01,2025-06-19,BUYER03,IDR
4500000154,1000,F,NB,100110,1000,P01,2025-06-21,BUYER03,IDR
4500000155,1000,F,NB,100101,1000,P01,2025-06-23,BUYER04,IDR
4500000156,1000,F,NB,100108,1000,P01,2025-06-25,BUYER03,IDR
4500000157,1000,F,NB,100108,1000,P01,2025-06-27,BUYER04,IDR
4500000158,1000,F,NB,100101,1000,P01,2025-06-30,BUYER04,IDR
4500000159,1000,F,NB,100106,1000,P01,2025-07-02,BUYER02,IDR
4500000160,1000,F,NB,100104,1000,P01,2025-07-04,BUYER03,IDR
4500000161,1000,F,NB,100103,1000,P01,2025-07-05,BUYER02,IDR
4500000162,1000,F,NB,100107,1000,P01,2025-07-07,BUYER03,IDR
4500000163,1000,F,NB,100107,1000,P01,2025-07-09,BUYER02,IDR
4500000164,1000,F,NB,100107,1000,P01,2025-07-11,BUYER04,IDR
4500000165,1000,F,NB,100106,1000,P01,2025-07-12,BUYER02,IDR
4500000166,1000,F,NB,100108,1000,P01,2025-07-14,BUYER01,IDR
4500000167,1000,F,NB,100110,1000,P01,2025-07-16,BUYER04,IDR
4500000168,1000,F,NB,100106,1000,P01,2025-07-17,BUYER04,IDR
4500000169,1000,F,NB,100108,1000,P01,2025-07-18,BUYER01,IDR
4500000170,1000,F,NB,100106,1000,P01,2025-07-19,BUYER03,IDR
4500000171,1000,F,NB,100110,1000,P01,2025-07-21,BUYER03,IDR
4500000172,1000,F,NB,100103,1000,P01,2025-07-23,BUYER04,IDR
4500000173,1000,F,NB,100102,1000,P01,2025-07-25,BUYER04,IDR
4500000174,1000,F,NB,100106,1000,P01,2025-07-28,BUYER01,IDR
4500000175,1000,F,NB,100104,1000,P01,2025-07-30,BUYER03,IDR
4500000176,1000,F,NB,100105,1000,P01,2025-08-01,BUYER01,IDR
4500000177,1000,F,NB,100101,1000,P01,2025-08-04,BUYER04,IDR
4500000178,1000,F,NB,100110,1000,P01,2025-08-06,BUYER01,IDR
4500000179,1000,F,NB,100105,1000,P01,2025-08-07,BUYER04,IDR
4500000180,1000,F,NB,100110,1000,P01,2025-08-08,BUYER03,IDR
4500000181,1000,F,NB,100103,1000,P01,2025-08-11,BUYER04,IDR
4500000182,1000,F,NB,100110,1000,P01,2025-08-12,BUYER01,IDR
4500000183,1000,F,NB,100106,1000,P01,2025-08-14,BUYER02,IDR
4500000184,1000,F,NB,100104,1000,P01,2025-08-15,BUYER03,IDR
4500000185,1000,F,NB,100108,1000,P01,2025-08-16,BUYER04,IDR
4500000186,1000,F,NB,100103,1000,P01,2025-08-18,BUYER02,IDR
4500000187,1000,F,NB,100101,1000,P01,2025-08-20,BUYER02,IDR
4500000188,1000,F,NB,100106,1000,P01,2025-08-21,BUYER01,IDR
4500000189,1000,F,NB,100110,1000,P01,2025-08-22,BUYER03,IDR
4500000190,1000,F,NB,100108,1000,P01,2025-08-23,BUYER02,IDR
4500000191,1000,F,NB,100107,1000,P01,2025-08-25,BUYER01,IDR
4500000192,1000,F,NB,100101,1000,P01,2025-08-26,BUYER03,IDR
4500000193,1000,F,NB,100102,1000,P01,2025-08-28,BUYER03,IDR
4500000194,1000,F,NB,100107,1000,P01,2025-08-29,BUYER03,IDR
4500000195,1000,F,NB,100106,1000,P01,2025-08-30,BUYER03,IDR
4500000196,1000,F,NB,100101,1000,P01,2025-09-01,BUYER02,IDR
4500000197,1000,F,NB,100106,1000,P01,2025-09-02,BUYER02,IDR
4500000198,1000,F,NB,100101,1000,P01,2025-09-04,BUYER01,IDR
4500000199,1000,F,NB,100106,1000,P01,2025-09-06,BUYER04,IDR
4500000200,1000,F,NB,100104,1000,P01,2025-09-08,BUYER04,IDR
4500000201,1000,F,NB,100108,1000,P01,2025-09-10,BUYER04,IDR
4500000202,1000,F,NB,100103,1000,P01,2025-09-11,BUYER02,IDR
4500000203,1000,F,NB,100101,1000,P01,2025-09-13,BUYER01,IDR
4500000204,1000,F,NB,100107,1000,P01,2025-09-15,BUYER03,IDR
4500000205,1000,F,NB,100106,1000,P01,2025-09-17,BUYER01,IDR
4500000206,1000,F,NB,100110,1000,P01,2025-09-18,BUYER02,IDR
4500000207,1000,F,NB,100101,1000,P01,2025-09-19,BUYER02,IDR
4500000208,1000,F,NB,100101,1000,P01,2025-09-20,BUYER04,IDR
4500000209,1000,F,NB,100108,1000,P01,2025-09-22,BUYER04,IDR
4500000210,1000,F,NB,100106,1000,P01,2025-09-24,BUYER01,IDR
4500000211,1000,F,NB,100110,1000,P01,2025-09-26,BUYER02,IDR
4500000212,1000,F,NB,100107,1000,P01,2025-09-27,BUYER04,IDR
4500000213,1000,F,NB,100105,1000,P01,2025-09-29,BUYER04,IDR
4500000214,1000,F,NB,100108,1000,P01,2025-10-01,BUYER03,IDR
4500000215,1000,F,NB,100104,1000,P01,2025-10-02,BUYER02,IDR
4500000216,1000,F,NB,100108,1000,P01,2025-10-03,BUYER02,IDR
4500000217,1000,F,NB,100108,1000,P01,2025-10-06,BUYER03,IDR
4500000218,1000,F,NB,100106,1000,P01,2025-10-08,BUYER04,IDR
4500000219,1000,F,NB,100105,1000,P01,2025-10-09,BUYER03,IDR
4500000220,1000,F,NB,100110,1000,P01,2025-10-10,BUYER01,IDR
4500000221,1000,F,NB,100101,1000,P01,2025-10-13,BUYER03,IDR
4500000222,1000,F,NB,100105,1000,P01,2025-10-15,BUYER03,IDR
4500000223,1000,F,NB,100106,1000,P01,2025-10-16,BUYER01,IDR
4500000224,1000,F,NB,100105,1000,P01,2025-10-18,BUYER01,IDR
4500000225,1000,F,NB,100107,1000,P01,2025-10-20,BUYER03,IDR
4500000226,1000,F,NB,100110,1000,P01,2025-10-21,BUYER04,IDR
4500000227,1000,F,NB,100110,1000,P01,2025-10-22,BUYER02,IDR
4500000228,1000,F,NB,100108,1000,P01,2025-10-24,BUYER03,IDR
4500000229,1000,F,NB,100103,1000,P01,2025-10-27,BUYER03,IDR
4500000230,1000,F,NB,100101,1000,P01,2025-10-29,BUYER02,IDR
4500000231,1000,F,NB,100101,1000,P01,2025-10-30,BUYER04,IDR
4500000232,1000,F,NB,100105,1000,P01,2025-10-31,BUYER02,IDR
4500000233,1000,F,NB,100108,1000,P01,2025-11-03,BUYER03,IDR
4500000234,1000,F,NB,100108,1000,P01,2025-11-05,BUYER04,IDR
4500000235,1000,F,NB,100103,1000,P01,2025-11-07,BUYER01,IDR
4500000236,1000,F,NB,100101,1000,P01,2025-11-10,BUYER02,IDR
4500000237,1000,F,NB,100101,1000,P01,2025-11-11,BUYER01,IDR
4500000238,1000,F,NB,100106,1000,P01,2025-11-13,BUYER04,IDR
4500000239,1000,F,NB,100105,1000,P01,2025-11-15,BUYER01,IDR
4500000240,1000,F,NB,100108,1000,P01,2025-11-17,BUYER02,IDR
4500000241,1000,F,NB,100104,1000,P01,2025-11-19,BUYER03,IDR
4500000242,1000,F,NB,100107,1000,P01,2025-11-20,BUYER03,IDR
4500000243,1000,F,NB,100101,1000,P01,2025-11-21,BUYER01,IDR
4500000244,1000,F,NB,100107,1000,P01,2025-11-22,BUYER03,IDR
4500000245,1000,F,NB,100110,1000,P01,2025-11-24,BUYER03,IDR
4500000246,1000,F,NB,100110,1000,P01,2025-11-25,BUYER02,IDR
4500000247,1000,F,NB,100101,1000,P01,2025-11-26,BUYER03,IDR
4500000248,1000,F,NB,100101,1000,P01,2025-11-28,BUYER01,IDR
4500000249,1000,F,NB,100101,1000,P01,2025-12-01,BUYER04,IDR
4500000250,1000,F,NB,100110,1000,P01,2025-12-03,BUYER02,IDR
4500000251,1000,F,NB,100101,1000,P01,2025-12-05,BUYER04,IDR
4500000252,1000,F,NB,100102,1000,P01,2025-12-08,BUYER01,IDR
4500000253,1000,F,NB,100108,1000,P01,2025-12-09,BUYER02,IDR
4500000254,1000,F,NB,100106,1000,P01,2025-12-11,BUYER04,IDR
4500000255,1000,F,NB,100107,1000,P01,2025-12-12,BUYER02,IDR
4500000256,1000,F,NB,100107,1000,P01,2025-12-13,BUYER03,IDR
4500000257,1000,F,NB,100107,1000,P01,2025-12-15,BUYER03,IDR
4500000258,1000,F,NB,100103,1000,P01,2025-12-17,BUYER01,IDR
4500000259,1000,F,NB,100101,1000,P01,2025-12-19,BUYER03,IDR
4500000260,1000,F,NB,100105,1000,P01,2025-12-22,BUYER01,IDR
4500000261,1000,F,NB,100106,1000,P01,2025-12-23,BUYER01,IDR
4500000262,1000,F,NB,100105,1000,P01,2025-12-25,BUYER04,IDR
4500000263,1000,F,NB,100105,1000,P01,2025-12-26,BUYER03,IDR
4500000264,1000,F,NB,100104,1000,P01,2025-12-27,BUYER02,IDR
4500000265,1000,F,NB,100110,1000,P01,2025-12-29,BUYER04,IDR
4500000266,1000,F,NB,100101,1000,P01,2025-12-31,BUYER04,IDR
4500000267,1000,F,NB,100108,1000,P01,2026-01-01,BUYER03,IDR
4500000268,1000,F,NB,100101,1000,P01,2026-01-02,BUYER03,IDR
4500000269,1000,F,NB,100108,1000,P01,2026-01-05,BUYER02,IDR
4500000270,1000,F,NB,100110,1000,P01,2026-01-07,BUYER03,IDR
4500000271,1000,F,NB,100108,1000,P01,2026-01-08,BUYER04,IDR
4500000272,1000,F,NB,100110,1000,P01,2026-01-10,BUYER01,IDR
4500000273,1000,F,NB,100110,1000,P01,2026-01-12,BUYER02,IDR
4500000274,1000,F,NB,100105,1000,P01,2026-01-13,BUYER01,IDR
4500000275,1000,F,NB,100104,1000,P01,2026-01-15,BUYER02,IDR
4500000276,1000,F,NB,100105,1000,P01,2026-01-16,BUYER01,IDR
4500000277,1000,F,NB,100103,1000,P01,2026-01-17,BUYER02,IDR
4500000278,1000,F,NB,100106,1000,P01,2026-01-19,BUYER04,IDR
4500000279,1000,F,NB,100110,1000,P01,2026-01-21,BUYER02,IDR
4500000280,1000,F,NB,100108,1000,P01,2026-01-22,BUYER03,IDR
4500000281,1000,F,NB,100105,1000,P01,2026-01-23,BUYER01,IDR
4500000282,1000,F,NB,100105,1000,P01,2026-01-26,BUYER02,IDR
4500000283,1000,F,NB,100106,1000,P01,2026-01-27,BUYER02,IDR
4500000284,1000,F,NB,100108,1000,P01,2026-01-29,BUYER01,IDR
4500000285,1000,F,NB,100101,1000,P01,2026-01-30,BUYER02,IDR
4500000286,1000,F,NB,100106,1000,P01,2026-01-31,BUYER04,IDR
4500000287,1000,F,NB,100104,1000,P01,2026-02-02,BUYER01,IDR
4500000288,1000,F,NB,100105,1000,P01,2026-02-03,BUYER03,IDR
4500000289,1000,F,NB,100104,1000,P01,2026-02-04,BUYER03,IDR
4500000290,1000,F,NB,100104,1000,P01,2026-02-06,BUYER03,IDR
4500000291,1000,F,NB,100106,1000,P01,2026-02-09,BUYER03,IDR
4500000292,1000,F,NB,100101,1000,P01,2026-02-10,BUYER04,IDR
4500000293,1000,F,NB,100104,1000,P01,2026-02-12,BUYER02,IDR
4500000294,1000,F,NB,100105,1000,P01,2026-02-14,BUYER01,IDR
4500000295,1000,F,NB,100103,1000,P01,2026-02-16,BUYER04,IDR
4500000296,1000,F,NB,100104,1000,P01,2026-02-17,BUYER04,IDR
4500000297,1000,F,NB,100106,1000,P01,2026-02-18,BUYER02,IDR
4500000298,1000,F,NB,100110,1000,P01,2026-02-20,BUYER01,IDR
4500000299,1000,F,NB,100105,1000,P01,2026-02-23,BUYER02,IDR
4500000300,1000,F,NB,100104,1000,P01,2026-02-24,BUYER04,IDR
4500000301,1000,F,NB,100110,1000,P01,2026-02-25,BUYER04,IDR
4500000302,1000,F,NB,100105,1000,P01,2026-02-27,BUYER03,IDR
4500000303,1000,F,NB,100101,1000,P01,2026-02-28,BUYER02,IDR
4500000304,1000,F,NB,100108,1000,P01,2026-03-02,BUYER02,IDR
4500000305,1000,F,NB,100107,1000,P01,2026-03-04,BUYER03,IDR
4500000306,1000,F,NB,100103,1000,P01,2026-03-06,BUYER02,IDR
4500000307,1000,F,NB,100103,1000,P01,2026-03-07,BUYER02,IDR
4500000308,1000,F,NB,100106,1000,P01,2026-03-09,BUYER02,IDR
4500000309,1000,F,NB,100107,1000,P01,2026-03-10,BUYER03,IDR
4500000310,1000,F,NB,100102,1000,P01,2026-03-12,BUYER04,IDR
4500000311,1000,F,NB,100108,1000,P01,2026-03-13,BUYER03,IDR
4500000312,1000,F,NB,100103,1000,P01,2026-03-14,BUYER02,IDR
4500000313,1000,F,NB,100102,1000,P01,2026-03-16,BUYER02,IDR
4500000314,1000,F,NB,100106,1000,P01,2026-03-18,BUYER01,IDR
4500000315,1000,F,NB,100108,1000,P01,2026-03-20,BUYER03,IDR
4500000316,1000,F,NB,100101,1000,P01,2026-03-23,BUYER02,IDR
4500000317,1000,F,NB,100103,1000,P01,2026-03-25,BUYER04,IDR
4500000318,1000,F,NB,100105,1000,P01,2026-03-26,BUYER02,IDR
4500000319,1000,F,NB,100103,1000,P01,2026-03-27,BUYER01,IDR
4500000320,1000,F,NB,100110,1000,P01,2026-03-28,BUYER02,IDR
4500000321,1000,F,NB,100104,1000,P01,2026-03-30,BUYER03,IDR
4500000322,1000,F,NB,100104,1000,P01,2026-03-31,BUYER04,IDR
4500000323,1000,F,NB,100103,1000,P01,2026-04-02,BUYER04,IDR
4500000324,1000,F,NB,100101,1000,P01,2026-04-03,BUYER03,IDR
4500000325,1000,F,NB,100107,1000,P01,2026-04-04,BUYER03,IDR
4500000326,1000,F,NB,100101,1000,P01,2026-04-06,BUYER04,IDR
4500000327,1000,F,NB,100103,1000,P01,2026-04-07,BUYER01,IDR
4500000328,1000,F,NB,100102,1000,P01,2026-04-08,BUYER02,IDR
4500000329,1000,F,NB,100106,1000,P01,2026-04-09,BUYER03,IDR
4500000330,1000,F,NB,100108,1000,P01,2026-04-10,BUYER01,IDR
4500000331,1000,F,NB,100105,1000,P01,2026-04-13,BUYER04,IDR
4500000332,1000,F,NB,100105,1000,P01,2026-04-15,BUYER02,IDR
4500000333,1000,F,NB,100110,1000,P01,2026-04-17,BUYER01,IDR
4500000334,1000,F,NB,100103,1000,P01,2026-04-20,BUYER04,IDR
4500000335,1000,F,NB,100108,1000,P01,2026-04-21,BUYER03,IDR
4500000336,1000,F,NB,100101,1000,P01,2026-04-22,BUYER03,IDR
4500000337,1000,F,NB,100108,1000,P01,2026-04-24,BUYER03,IDR
4500000338,1000,F,NB,100101,1000,P01,2026-04-25,BUYER04,IDR
4500000339,1000,F,NB,100108,1000,P01,2026-04-27,BUYER01,IDR
4500000340,1000,F,NB,100110,1000,P01,2026-04-28,BUYER01,IDR
4500000341,1000,F,NB,100107,1000,P01,2026-04-30,BUYER02,IDR
4500000342,1000,F,NB,100101,1000,P01,2026-05-02,BUYER03,IDR
4500000343,1000,F,NB,100105,1000,P01,2026-05-04,BUYER02,IDR
4500000344,1000,F,NB,100101,1000,P01,2026-05-05,BUYER02,IDR
4500000345,1000,F,NB,100105,1000,P01,2026-05-06,BUYER04,IDR
4500000346,1000,F,NB,100101,1000,P01,2026-05-08,BUYER01,IDR
4500000347,1000,F,NB,100105,1000,P01,2026-05-11,BUYER02,IDR
4500000348,1000,F,NB,100107,1000,P01,2026-05-13,BUYER03,IDR
4500000349,1000,F,NB,100108,1000,P01,2026-05-14,BUYER01,IDR
4500000350,1000,F,NB,100106,1000,P01,2026-05-16,BUYER03,IDR
4500000351,1000,F,NB,100106,1000,P01,2026-05-18,BUYER02,IDR
4500000352,1000,F,NB,100108,1000,P01,2026-05-19,BUYER04,IDR
4500000353,1000,F,NB,100107,1000,P01,2026-05-20,BUYER04,IDR
4500000354,1000,F,NB,100110,1000,P01,2026-05-22,BUYER03,IDR
4500000355,1000,F,NB,100110,1000,P01,2026-05-25,BUYER03,IDR
4500000356,1000,F,NB,100101,1000,P01,2026-05-27,BUYER04,IDR
4500000357,1000,F,NB,100101,1000,P01,2026-05-28,BUYER02,IDR
4500000358,1000,F,NB,100101,1000,P01,2026-05-29,BUYER02,IDR
4500000359,1000,F,NB,100101,1000,P01,2026-06-01,BUYER03,IDR
4500000360,1000,F,NB,100106,1000,P01,2026-06-02,BUYER04,IDR
4500000361,1000,F,NB,100110,1000,P01,2026-06-03,BUYER04,IDR
4500000362,1000,F,NB,100107,1000,P01,2026-06-04,BUYER03,IDR
4500000363,1000,F,NB,100108,1000,P01,2026-06-06,BUYER04,IDR
4500000364,1000,F,NB,100108,1000,P01,2026-06-08,BUYER02,IDR
4500000365,1000,F,NB,100110,1000,P01,2026-06-09,BUYER01,IDR
4500000366,1000,F,NB,100101,1000,P01,2026-06-11,BUYER04,IDR
4500000367,1000,F,NB,100103,1000,P01,2026-06-13,BUYER03,IDR
4500000368,1000,F,NB,100101,1000,P01,2026-06-15,BUYER01,IDR
4500000369,1000,F,NB,100106,1000,P01,2026-06-17,BUYER03,IDR
4500000370,1000,F,NB,100109,1000,P01,2026-06-19,BUYER04,IDR
4500000371,1000,F,NB,100101,1000,P01,2026-06-22,BUYER04,IDR
4500000372,1000,F,NB,100104,1000,P01,2026-06-24,BUYER02,IDR
4500000373,1000,F,NB,100103,1000,P01,2026-06-25,BUYER04,IDR
4500000374,1000,F,NB,100101,1000,P01,2026-06-26,BUYER03,IDR
4500000375,1000,F,NB,100107,1000,P01,2026-06-29,BUYER03,IDR
4500000376,1000,F,NB,100110,1000,P01,2026-06-30,BUYER04,IDR
4500000377,1000,F,NB,100101,1000,P01,2026-07-01,BUYER04,IDR
4500000378,1000,F,NB,100103,1000,P01,2026-07-02,BUYER03,IDR
4500000379,1000,F,NB,100101,1000,P01,2026-07-03,BUYER04,IDR
4500000380,1000,F,NB,100108,1000,P01,2026-07-06,BUYER02,IDR
4500000381,1000,F,NB,100101,1000,P01,2026-07-07,BUYER04,IDR
4500000382,1000,F,NB,100110,1000,P01,2026-07-09,BUYER01,IDR
4500000383,1000,F,NB,100105,1000,P01,2026-07-10,BUYER04,IDR
4500000384,1000,F,NB,100106,1000,P01,2026-07-13,BUYER02,IDR
4500000385,1000,F,NB,100107,1000,P01,2026-07-14,BUYER03,IDR
4500000386,1000,F,NB,100105,1000,P01,2026-07-15,BUYER02,IDR
4500000387,1000,F,NB,100106,1000,P01,2026-07-17,BUYER02,IDR
4500000388,1000,F,NB,100105,1000,P01,2026-07-18,BUYER02,IDR
4500000389,1000,F,NB,100110,1000,P01,2026-07-20,BUYER03,IDR
4500000390,1000,F,NB,100101,1000,P01,2026-07-21,BUYER01,IDR
4500000391,1000,F,NB,100108,1000,P01,2026-07-23,BUYER01,IDR
4500000392,1000,F,NB,100110,1000,P01,2026-07-25,BUYER02,IDR
4500000393,1000,F,NB,100101,1000,P01,2026-07-27,BUYER04,IDR
4500000394,1000,F,NB,100105,1000,P01,2026-07-28,BUYER01,IDR
4500000395,1000,F,NB,100103,1000,P01,2026-07-29,BUYER04,IDR
4500000396,1000,F,NB,100108,1000,P01,2026-07-30,BUYER03,IDR
4500000397,1000,F,NB,100110,1000,P01,2026-08-01,BUYER04,IDR
4500000398,1000,F,NB,100101,1000,P01,2026-08-03,BUYER01,IDR
4500000399,1000,F,NB,100105,1000,P01,2026-08-04,BUYER01,IDR
4500000400,1000,F,NB,100105,1000,P01,2026-08-05,BUYER02,IDR
4500000401,1000,F,NB,100103,1000,P01,2026-08-06,BUYER01,IDR
4500000402,1000,F,NB,100110,1000,P01,2026-08-07,BUYER03,IDR
4500000403,1000,F,NB,100101,1000,P01,2026-08-08,BUYER02,IDR
4500000404,1000,F,NB,100106,1000,P01,2026-08-10,BUYER02,IDR
4500000405,1000,F,NB,100104,1000,P01,2026-08-12,BUYER01,IDR
4500000406,1000,F,NB,100110,1000,P01,2026-08-13,BUYER04,IDR
4500000407,1000,F,NB,100103,1000,P01,2026-08-15,BUYER01,IDR
4500000408,1000,F,NB,100105,1000,P01,2026-08-17,BUYER04,IDR
4500000409,1000,F,NB,100102,1000,P01,2026-08-19,BUYER01,IDR
4500000410,1000,F,NB,100101,1000,P01,2026-08-21,BUYER04,IDR
4500000411,1000,F,NB,100101,1000,P01,2026-08-24,BUYER02,IDR
4500000412,1000,F,NB,100107,1000,P01,2026-08-26,BUYER03,IDR
4500000413,1000,F,NB,100106,1000,P01,2026-08-28,BUYER03,IDR
4500000414,1000,F,NB,100103,1000,P01,2026-08-31,BUYER04,IDR
4500000415,1000,F,NB,100103,1000,P01,2026-09-02,BUYER02,IDR
4500000416,1000,F,NB,100107,1000,P01,2026-09-03,BUYER03,IDR
4500000417,1000,F,NB,100109,1000,P01,2026-09-04,BUYER02,IDR
4500000418,1000,F,NB,100110,1000,P01,2026-09-05,BUYER02,IDR
4500000419,1000,F,NB,100109,1000,P01,2026-09-07,BUYER01,IDR
4500000420,1000,F,NB,100104,1000,P01,2026-09-09,BUYER04,IDR
4500000421,1000,F,NB,100105,1000,P01,2026-09-11,BUYER02,IDR
4500000422,1000,F,NB,100108,1000,P01,2026-09-14,BUYER03,IDR
4500000423,1000,F,NB,100103,1000,P01,2026-09-15,BUYER04,IDR
4500000424,1000,F,NB,100103,1000,P01,2026-09-17,BUYER04,IDR
4500000425,1000,F,NB,100110,1000,P01,2026-09-19,BUYER01,IDR
4500000426,1000,F,NB,100101,1000,P01,2026-09-21,BUYER01,IDR
4500000427,1000,F,NB,100109,1000,P01,2026-09-23,BUYER02,IDR
4500000428,1000,F,NB,100105,1000,P01,2026-09-24,BUYER03,IDR
4500000429,1000,F,NB,100104,1000,P01,2026-09-26,BUYER03,IDR
4500000430,1000,F,NB,100107,1000,P01,2026-09-28,BUYER02,IDR
4500000431,1000,F,NB,100101,1000,P01,2026-09-28,BUYER01,IDR
4500000432,1000,F,NB,100103,1000,P01,2026-09-29,BUYER02,IDR
4500000433,1000,F,NB,100104,1000,P01,2026-09-29,BUYER04,IDR
4500000434,1000,F,NB,100110,1000,P01,2026-09-30,BUYER03,IDR
