EBELN,EBELP,MATNR,TXZ01,WERKS,MENGE,MEINS,NETPR,PEINH,NETWR,ELIKZ
4500000001,10,RM-GULA-001,"Gula Pasir Lokal (GKP), karung 50 kg",1100,7000.0,KG,16600.0,1,116200000.0,X
4500000002,10,RM-GULA-001,"Gula Pasir Lokal (GKP), karung 50 kg",1100,6000.0,KG,16000.0,1,96000000.0,X
4500000003,10,RM-GULA-001,"Gula Pasir Lokal (GKP), karung 50 kg",1100,5500.0,KG,15700.0,1,86350000.0,X
4500000004,10,RM-GULA-001,"Gula Pasir Lokal (GKP), karung 50 kg",1100,6000.0,KG,16750.0,1,100500000.0,X
4500000005,10,RM-GULA-001,"Gula Pasir Lokal (GKP), karung 50 kg",1100,3000.0,KG,16400.0,1,49200000.0,X
4500000006,10,RM-GULA-001,"Gula Pasir Lokal (GKP), karung 50 kg",1100,3500.0,KG,16850.0,1,58975000.0,X
4500000007,10,RM-GULA-001,"Gula Pasir Lokal (GKP), karung 50 kg",1100,3000.0,KG,17300.0,1,51900000.0,X
4500000008,10,RM-GULA-001,"Gula Pasir Lokal (GKP), karung 50 kg",1100,6000.0,KG,16450.0,1,98700000.0,X
4500000009,10,RM-GULA-001,"Gula Pasir Lokal (GKP), karung 50 kg",1100,4500.0,KG,16100.0,1,72450000.0,X
4500000010,10,RM-GULA-001,"Gula Pasir Lokal (GKP), karung 50 kg",1100,5500.0,KG,16350.0,1,89925000.0,X
4500000011,10,RM-GULA-001,"Gula Pasir Lokal (GKP), karung 50 kg",1100,4500.0,KG,16450.0,1,74025000.0,X
4500000012,10,RM-GULA-001,"Gula Pasir Lokal (GKP), karung 50 kg",1100,4000.0,KG,16600.0,1,66400000.0,X
4500000013,10,RM-GULA-001,"Gula Pasir Lokal (GKP), karung 50 kg",1100,6500.0,KG,17450.0,1,113425000.0,X
4500000014,10,RM-GULA-001,"Gula Pasir Lokal (GKP), karung 50 kg",1100,8000.0,KG,16800.0,1,134400000.0,X
4500000015,10,RM-GULA-001,"Gula Pasir Lokal (GKP), karung 50 kg",1100,6500.0,KG,15650.0,1,101725000.0,X
4500000016,10,RM-GULA-001,"Gula Pasir Lokal (GKP), karung 50 kg",1100,7000.0,KG,15900.0,1,111300000.0,X
4500000017,10,RM-GULA-001,"Gula Pasir Lokal (GKP), karung 50 kg",1100,6500.0,KG,15550.0,1,101075000.0,X
4500000018,10,RM-GULA-001,"Gula Pasir Lokal (GKP), karung 50 kg",1100,7000.0,KG,16150.0,1,113050000.0,X
4500000019,10,RM-GULA-001,"Gula Pasir Lokal (GKP), karung 50 kg",1100,5000.0,KG,15800.0,1,79000000.0,X
4500000020,10,RM-GULA-001,"Gula Pasir Lokal (GKP), karung 50 kg",1100,5500.0,KG,16300.0,1,89650000.0,X
4500000021,10,RM-GULA-001,"Gula Pasir Lokal (GKP), karung 50 kg",1100,4500.0,KG,17150.0,1,77175000.0,X
4500000022,10,RM-GULA-001,"Gula Pasir Lokal (GKP), karung 50 kg",1100,5000.0,KG,17050.0,1,85250000.0,X
4500000023,10,RM-GULA-001,"Gula Pasir Lokal (GKP), karung 50 kg",1100,3500.0,KG,16050.0,1,56175000.0,X
4500000024,10,RM-GULA-001,"Gula Pasir Lokal (GKP), karung 50 kg",1100,3000.0,KG,15750.0,1,47250000.0,X
4500000025,10,RM-GULA-001,"Gula Pasir Lokal (GKP), karung 50 kg",1100,6000.0,KG,16650.0,1,99900000.0,X
4500000026,10,RM-GULA-001,"Gula Pasir Lokal (GKP), karung 50 kg",1100,3000.0,KG,15750.0,1,47250000.0,X
4500000027,10,RM-GULA-001,"Gula Pasir Lokal (GKP), karung 50 kg",1100,6500.0,KG,16450.0,1,106925000.0,X
4500000028,10,RM-GULA-001,"Gula Pasir Lokal (GKP), karung 50 kg",1100,5500.0,KG,15600.0,1,85800000.0,X
4500000029,10,RM-GULA-001,"Gula Pasir Lokal (GKP), karung 50 kg",1100,6000.0,KG,16650.0,1,99900000.0,X
4500000030,10,RM-GULA-001,"Gula Pasir Lokal (GKP), karung 50 kg",1100,5000.0,KG,16500.0,1,82500000.0,X
4500000031,10,RM-GULA-001,"Gula Pasir Lokal (GKP), karung 50 kg",1100,3500.0,KG,16550.0,1,57925000.0,X
4500000032,10,RM-GULA-001,"Gula Pasir Lokal (GKP), karung 50 kg",1100,6000.0,KG,17200.0,1,103200000.0,X
4500000033,10,RM-GULA-001,"Gula Pasir Lokal (GKP), karung 50 kg",1100,4500.0,KG,15750.0,1,70875000.0,X
4500000034,10,RM-GULA-001,"Gula Pasir Lokal (GKP), karung 50 kg",1100,6500.0,KG,15350.0,1,99775000.0,X
4500000035,10,RM-GULA-001,"Gula Pasir Lokal (GKP), karung 50 kg",1100,5000.0,KG,16400.0,1,82000000.0,X
4500000036,10,RM-GULA-001,"Gula Pasir Lokal (GKP), karung 50 kg",1100,6500.0,KG,17250.0,1,112125000.0,X
4500000037,10,RM-GULA-001,"Gula Pasir Lokal (GKP), karung 50 kg",1100,7500.0,KG,16100.0,1,120750000.0,X
4500000038,10,RM-GULA-001,"Gula Pasir Lokal (GKP), karung 50 kg",1100,6000.0,KG,15550.0,1,93300000.0,X
4500000039,10,RM-GULA-001,"Gula Pasir Lokal (GKP), karung 50 kg",1100,7000.0,KG,16350.0,1,114450000.0,X
4500000040,10,RM-GULA-001,"Gula Pasir Lokal (GKP), karung 50 kg",1100,5000.0,KG,16700.0,1,83500000.0,X
4500000041,10,RM-GULA-001,"Gula Pasir Lokal (GKP), karung 50 kg",1100,7500.0,KG,16200.0,1,121500000.0,X
4500000042,10,RM-GULA-001,"Gula Pasir Lokal (GKP), karung 50 kg",1100,7500.0,KG,16300.0,1,122250000.0,X
4500000043,10,RM-GULA-001,"Gula Pasir Lokal (GKP), karung 50 kg",1100,3000.0,KG,16550.0,1,49650000.0,X
4500000044,10,RM-GULA-001,"Gula Pasir Lokal (GKP), karung 50 kg",1100,7500.0,KG,16450.0,1,123375000.0,X
4500000045,10,RM-GULA-001,"Gula Pasir Lokal (GKP), karung 50 kg",1100,3500.0,KG,15900.0,1,55650000.0,X
4500000046,10,RM-GULA-001,"Gula Pasir Lokal (GKP), karung 50 kg",1100,5000.0,KG,15800.0,1,79000000.0,X
4500000047,10,RM-GULA-001,"Gula Pasir Lokal (GKP), karung 50 kg",1100,4500.0,KG,17150.0,1,77175000.0,X
4500000048,10,RM-GULA-001,"Gula Pasir Lokal (GKP), karung 50 kg",1100,6500.0,KG,16400.0,1,106600000.0,X
4500000049,10,RM-GULA-001,"Gula Pasir Lokal (GKP), karung 50 kg",1100,3500.0,KG,16850.0,1,58975000.0,X
4500000050,10,RM-GULA-001,"Gula Pasir Lokal (GKP), karung 50 kg",1100,3500.0,KG,16900.0,1,59150000.0,X
4500000051,10,RM-GULA-001,"Gula Pasir Lokal (GKP), karung 50 kg",1100,6500.0,KG,16300.0,1,105950000.0,X
4500000052,10,RM-GULA-001,"Gula Pasir Lokal (GKP), karung 50 kg",1100,7000.0,KG,17300.0,1,121100000.0,X
4500000053,10,RM-GULA-001,"Gula Pasir Lokal (GKP), karung 50 kg",1100,8000.0,KG,17100.0,1,136800000.0,X
4500000054,10,RM-GULA-001,"Gula Pasir Lokal (GKP), karung 50 kg",1100,5000.0,KG,16400.0,1,82000000.0,X
4500000055,10,RM-GULA-001,"Gula Pasir Lokal (GKP), karung 50 kg",1100,7000.0,KG,17450.0,1,122150000.0,X
4500000056,10,RM-GULA-001,"Gula Pasir Lokal (GKP), karung 50 kg",1100,6000.0,KG,16550.0,1,99300000.0,X
4500000057,10,RM-GULA-001,"Gula Pasir Lokal (GKP), karung 50 kg",1100,5500.0,KG,17050.0,1,93775000.0,X
4500000058,10,RM-GULA-001,"Gula Pasir Lokal (GKP), karung 50 kg",1100,5500.0,KG,16800.0,1,92400000.0,X
4500000059,10,RM-GULA-001,"Gula Pasir Lokal (GKP), karung 50 kg",1100,6000.0,KG,16850.0,1,101100000.0,X
4500000060,10,RM-GULA-001,"Gula Pasir Lokal (GKP), karung 50 kg",1100,3000.0,KG,16250.0,1,48750000.0,X
4500000061,10,RM-GULA-001,"Gula Pasir Lokal (GKP), karung 50 kg",1100,3500.0,KG,16300.0,1,57050000.0,X
4500000062,10,RM-GULA-001,"Gula Pasir Lokal (GKP), karung 50 kg",1100,7000.0,KG,17050.0,1,119350000.0,X
4500000063,10,RM-GULA-001,"Gula Pasir Lokal (GKP), karung 50 kg",1100,6000.0,KG,17000.0,1,102000000.0,X
4500000064,10,RM-GULA-001,"Gula Pasir Lokal (GKP), karung 50 kg",1100,3500.0,KG,16950.0,1,59325000.0,X
4500000065,10,RM-GULA-001,"Gula Pasir Lokal (GKP), karung 50 kg",1100,6500.0,KG,17350.0,1,112775000.0,X
4500000066,10,RM-GULA-001,"Gula Pasir Lokal (GKP), karung 50 kg",1100,7000.0,KG,17100.0,1,119700000.0,X
4500000067,10,RM-GULA-001,"Gula Pasir Lokal (GKP), karung 50 kg",1100,4500.0,KG,17050.0,1,76725000.0,X
4500000068,10,RM-GULA-001,"Gula Pasir Lokal (GKP), karung 50 kg",1100,6000.0,KG,17150.0,1,102900000.0,X
4500000069,10,RM-GULA-001,"Gula Pasir Lokal (GKP), karung 50 kg",1100,4000.0,KG,17000.0,1,68000000.0,X
4500000070,10,RM-GULA-001,"Gula Pasir Lokal (GKP), karung 50 kg",1100,4000.0,KG,17250.0,1,69000000.0,X
4500000071,10,RM-GULA-001,"Gula Pasir Lokal (GKP), karung 50 kg",1100,6000.0,KG,17100.0,1,102600000.0,X
4500000072,10,RM-GULA-001,"Gula Pasir Lokal (GKP), karung 50 kg",1100,6000.0,KG,16550.0,1,99300000.0,X
4500000073,10,RM-GULA-001,"Gula Pasir Lokal (GKP), karung 50 kg",1100,3000.0,KG,16600.0,1,49800000.0,X
4500000074,10,RM-GULA-001,"Gula Pasir Lokal (GKP), karung 50 kg",1100,7000.0,KG,16450.0,1,115150000.0,X
4500000075,10,RM-GULA-001,"Gula Pasir Lokal (GKP), karung 50 kg",1100,5000.0,KG,17150.0,1,85750000.0,X
4500000076,10,RM-GULA-001,"Gula Pasir Lokal (GKP), karung 50 kg",1100,3500.0,KG,17300.0,1,60550000.0,X
4500000077,10,RM-GULA-001,"Gula Pasir Lokal (GKP), karung 50 kg",1100,5500.0,KG,16900.0,1,92950000.0,X
4500000078,10,RM-GULA-001,"Gula Pasir Lokal (GKP), karung 50 kg",1100,6500.0,KG,18400.0,1,119600000.0,X
4500000079,10,RM-GULA-001,"Gula Pasir Lokal (GKP), karung 50 kg",1100,4500.0,KG,18200.0,1,81900000.0,X
4500000080,10,RM-GULA-001,"Gula Pasir Lokal (GKP), karung 50 kg",1100,5500.0,KG,17250.0,1,94875000.0,X
4500000081,10,RM-GULA-001,"Gula Pasir Lokal (GKP), karung 50 kg",1100,4000.0,KG,16800.0,1,67200000.0,X
4500000082,10,RM-GULA-001,"Gula Pasir Lokal (GKP), karung 50 kg",1100,7000.0,KG,18000.0,1,126000000.0,X
4500000083,10,RM-GULA-001,"Gula Pasir Lokal (GKP), karung 50 kg",1100,8000.0,KG,17600.0,1,140800000.0,X
4500000084,10,RM-GULA-001,"Gula Pasir Lokal (GKP), karung 50 kg",1100,5000.0,KG,16050.0,1,80250000.0,X
4500000085,10,RM-GULA-001,"Gula Pasir Lokal (GKP), karung 50 kg",1100,5500.0,KG,18050.0,1,99275000.0,X
4500000086,10,RM-GULA-001,"Gula Pasir Lokal (GKP), karung 50 kg",1100,6000.0,KG,18150.0,1,108900000.0,X
4500000087,10,RM-GULA-001,"Gula Pasir Lokal (GKP), karung 50 kg",1100,5000.0,KG,17250.0,1,86250000.0,X
4500000088,10,RM-GULA-001,"Gula Pasir Lokal (GKP), karung 50 kg",1100,5500.0,KG,18200.0,1,100100000.0,X
4500000089,10,RM-GULA-001,"Gula Pasir Lokal (GKP), karung 50 kg",1100,6000.0,KG,16650.0,1,99900000.0,X
4500000090,10,RM-GULA-001,"Gula Pasir Lokal (GKP), karung 50 kg",1100,6000.0,KG,17550.0,1,105300000.0,X
4500000091,10,RM-GULA-001,"Gula Pasir Lokal (GKP), karung 50 kg",1100,6000.0,KG,16650.0,1,99900000.0,X
4500000092,10,RM-GULA-001,"Gula Pasir Lokal (GKP), karung 50 kg",1100,6500.0,KG,16550.0,1,107575000.0,X
4500000093,10,RM-GULA-001,"Gula Pasir Lokal (GKP), karung 50 kg",1100,5500.0,KG,18000.0,1,99000000.0,X
4500000094,10,RM-GULA-001,"Gula Pasir Lokal (GKP), karung 50 kg",1100,5000.0,KG,17550.0,1,87750000.0,X
4500000095,10,RM-GULA-001,"Gula Pasir Lokal (GKP), karung 50 kg",1100,5000.0,KG,17950.0,1,89750000.0,X
4500000096,10,RM-GULA-001,"Gula Pasir Lokal (GKP), karung 50 kg",1100,5000.0,KG,17550.0,1,87750000.0,X
4500000097,10,RM-GULA-001,"Gula Pasir Lokal (GKP), karung 50 kg",1100,5500.0,KG,17600.0,1,96800000.0,X
4500000098,10,RM-GULA-001,"Gula Pasir Lokal (GKP), karung 50 kg",1100,6000.0,KG,16800.0,1,100800000.0,X
4500000099,10,RM-GULA-001,"Gula Pasir Lokal (GKP), karung 50 kg",1100,7000.0,KG,16850.0,1,117950000.0,X
4500000100,10,RM-GULA-001,"Gula Pasir Lokal (GKP), karung 50 kg",1100,4000.0,KG,17900.0,1,71600000.0,X
4500000101,10,RM-GULA-001,"Gula Pasir Lokal (GKP), karung 50 kg",1100,5000.0,KG,16700.0,1,83500000.0,X
4500000102,10,RM-GULA-001,"Gula Pasir Lokal (GKP), karung 50 kg",1100,4500.0,KG,17350.0,1,78075000.0,X
4500000103,10,RM-GULA-001,"Gula Pasir Lokal (GKP), karung 50 kg",1100,7000.0,KG,17800.0,1,124600000.0,X
4500000104,10,RM-GULA-001,"Gula Pasir Lokal (GKP), karung 50 kg",1100,3000.0,KG,16550.0,1,49650000.0,X
4500000105,10,RM-GULA-001,"Gula Pasir Lokal (GKP), karung 50 kg",1100,5000.0,KG,16500.0,1,82500000.0,X
4500000106,10,RM-GULA-001,"Gula Pasir Lokal (GKP), karung 50 kg",1100,6500.0,KG,16800.0,1,109200000.0,X
4500000107,10,RM-GULA-001,"Gula Pasir Lokal (GKP), karung 50 kg",1100,8000.0,KG,16950.0,1,135600000.0,X
4500000108,10,RM-GULA-001,"Gula Pasir Lokal (GKP), karung 50 kg",1100,4000.0,KG,17450.0,1,69800000.0,X
4500000109,10,RM-GULA-001,"Gula Pasir Lokal (GKP), karung 50 kg",1100,3000.0,KG,16900.0,1,50700000.0,X
4500000110,10,RM-GULA-001,"Gula Pasir Lokal (GKP), karung 50 kg",1100,5000.0,KG,17100.0,1,85500000.0,X
4500000111,10,RM-GULA-001,"Gula Pasir Lokal (GKP), karung 50 kg",1100,6500.0,KG,17500.0,1,113750000.0,X
4500000112,10,RM-GULA-001,"Gula Pasir Lokal (GKP), karung 50 kg",1100,5000.0,KG,17300.0,1,86500000.0,X
4500000113,10,RM-GULA-001,"Gula Pasir Lokal (GKP), karung 50 kg",1100,5500.0,KG,16650.0,1,91575000.0,X
4500000114,10,RM-GULA-001,"Gula Pasir Lokal (GKP), karung 50 kg",1100,5000.0,KG,17250.0,1,86250000.0,X
4500000115,10,RM-GULA-001,"Gula Pasir Lokal (GKP), karung 50 kg",1100,4000.0,KG,17600.0,1,70400000.0,X
4500000116,10,RM-GULA-001,"Gula Pasir Lokal (GKP), karung 50 kg",1100,5000.0,KG,16800.0,1,84000000.0,X
4500000117,10,RM-GULA-001,"Gula Pasir Lokal (GKP), karung 50 kg",1100,3500.0,KG,17100.0,1,59850000.0,X
4500000118,10,RM-GULA-001,"Gula Pasir Lokal (GKP), karung 50 kg",1100,4500.0,KG,16450.0,1,74025000.0,X
4500000119,10,RM-GULA-001,"Gula Pasir Lokal (GKP), karung 50 kg",1100,5000.0,KG,17200.0,1,86000000.0,X
4500000120,10,RM-GULA-001,"Gula Pasir Lokal (GKP), karung 50 kg",1100,4000.0,KG,18500.0,1,74000000.0,X
4500000121,10,RM-GULA-001,"Gula Pasir Lokal (GKP), karung 50 kg",1100,6000.0,KG,16650.0,1,99900000.0,X
4500000122,10,RM-GULA-001,"Gula Pasir Lokal (GKP), karung 50 kg",1100,7000.0,KG,17400.0,1,121800000.0,X
4500000123,10,RM-GULA-001,"Gula Pasir Lokal (GKP), karung 50 kg",1100,6500.0,KG,17250.0,1,112125000.0,X
4500000124,10,RM-GULA-001,"Gula Pasir Lokal (GKP), karung 50 kg",1100,4000.0,KG,16800.0,1,67200000.0,X
4500000125,10,RM-GULA-001,"Gula Pasir Lokal (GKP), karung 50 kg",1100,6000.0,KG,16800.0,1,100800000.0,X
4500000126,10,RM-GULA-001,"Gula Pasir Lokal (GKP), karung 50 kg",1100,6000.0,KG,17400.0,1,104400000.0,X
4500000127,10,RM-GULA-001,"Gula Pasir Lokal (GKP), karung 50 kg",1100,6500.0,KG,17000.0,1,110500000.0,X
4500000128,10,RM-GULA-001,"Gula Pasir Lokal (GKP), karung 50 kg",1100,4500.0,KG,17200.0,1,77400000.0,X
4500000129,10,RM-GULA-001,"Gula Pasir Lokal (GKP), karung 50 kg",1100,5500.0,KG,16650.0,1,91575000.0,X
4500000130,10,RM-GULA-001,"Gula Pasir Lokal (GKP), karung 50 kg",1100,3000.0,KG,16700.0,1,50100000.0,X
4500000131,10,RM-GULA-001,"Gula Pasir Lokal (GKP), karung 50 kg",1100,5500.0,KG,17450.0,1,95975000.0,X
4500000132,10,RM-GULA-001,"Gula Pasir Lokal (GKP), karung 50 kg",1100,5000.0,KG,17300.0,1,86500000.0,X
4500000133,10,RM-GULA-001,"Gula Pasir Lokal (GKP), karung 50 kg",1100,7500.0,KG,17800.0,1,133500000.0,X
4500000134,10,RM-GULA-001,"Gula Pasir Lokal (GKP), karung 50 kg",1100,7000.0,KG,16550.0,1,115850000.0,X
4500000135,10,RM-GULA-001,"Gula Pasir Lokal (GKP), karung 50 kg",1100,4000.0,KG,16950.0,1,67800000.0,X
4500000136,10,RM-GULA-001,"Gula Pasir Lokal (GKP), karung 50 kg",1100,5000.0,KG,16250.0,1,81250000.0,X
4500000137,10,RM-GULA-001,"Gula Pasir Lokal (GKP), karung 50 kg",1100,7000.0,KG,16900.0,1,118300000.0,X
4500000138,10,RM-GULA-001,"Gula Pasir Lokal (GKP), karung 50 kg",1100,8000.0,KG,17100.0,1,136800000.0,X
4500000139,10,RM-GULA-001,"Gula Pasir Lokal (GKP), karung 50 kg",1100,3500.0,KG,17050.0,1,59675000.0,X
4500000140,10,RM-GULA-001,"Gula Pasir Lokal (GKP), karung 50 kg",1100,6500.0,KG,16250.0,1,105625000.0,X
4500000141,10,RM-GULA-001,"Gula Pasir Lokal (GKP), karung 50 kg",1100,8000.0,KG,16350.0,1,130800000.0,X
4500000142,10,RM-GULA-001,"Gula Pasir Lokal (GKP), karung 50 kg",1100,5500.0,KG,17100.0,1,94050000.0,X
4500000143,10,RM-GULA-001,"Gula Pasir Lokal (GKP), karung 50 kg",1100,5000.0,KG,16800.0,1,84000000.0,X
4500000144,10,RM-GULA-001,"Gula Pasir Lokal (GKP), karung 50 kg",1100,7500.0,KG,17200.0,1,129000000.0,X
4500000145,10,RM-GULA-001,"Gula Pasir Lokal (GKP), karung 50 kg",1100,7500.0,KG,17800.0,1,133500000.0,X
4500000146,10,RM-GULA-001,"Gula Pasir Lokal (GKP), karung 50 kg",1100,7500.0,KG,16250.0,1,121875000.0,X
4500000147,10,RM-GULA-001,"Gula Pasir Lokal (GKP), karung 50 kg",1100,4500.0,KG,17700.0,1,79650000.0,X
4500000148,10,RM-GULA-001,"Gula Pasir Lokal (GKP), karung 50 kg",1100,7500.0,KG,16500.0,1,123750000.0,X
4500000149,10,RM-GULA-001,"Gula Pasir Lokal (GKP), karung 50 kg",1100,5000.0,KG,17850.0,1,89250000.0,X
4500000150,10,RM-GULA-001,"Gula Pasir Lokal (GKP), karung 50 kg",1100,5000.0,KG,16600.0,1,83000000.0,X
4500000151,10,RM-GULA-001,"Gula Pasir Lokal (GKP), karung 50 kg",1100,5000.0,KG,16250.0,1,81250000.0,X
4500000152,10,RM-GULA-001,"Gula Pasir Lokal (GKP), karung 50 kg",1100,8000.0,KG,16800.0,1,134400000.0,X
4500000153,10,RM-GULA-001,"Gula Pasir Lokal (GKP), karung 50 kg",1100,8000.0,KG,16300.0,1,130400000.0,X
4500000154,10,RM-GULA-001,"Gula Pasir Lokal (GKP), karung 50 kg",1100,3000.0,KG,16700.0,1,50100000.0,X
4500000155,10,RM-GULA-001,"Gula Pasir Lokal (GKP), karung 50 kg",1100,6000.0,KG,16200.0,1,97200000.0,X
4500000156,10,RM-GULA-001,"Gula Pasir Lokal (GKP), karung 50 kg",1100,3000.0,KG,16950.0,1,50850000.0,X
4500000157,10,RM-GULA-001,"Gula Pasir Lokal (GKP), karung 50 kg",1100,3500.0,KG,16750.0,1,58625000.0,X
4500000158,10,RM-GULA-001,"Gula Pasir Lokal (GKP), karung 50 kg",1100,6000.0,KG,16250.0,1,97500000.0,X
4500000159,10,RM-GULA-001,"Gula Pasir Lokal (GKP), karung 50 kg",1100,3500.0,KG,16700.0,1,58450000.0,X
4500000160,10,RM-GULA-001,"Gula Pasir Lokal (GKP), karung 50 kg",1100,7500.0,KG,17350.0,1,130125000.0,X
4500000161,10,RM-GULA-001,"Gula Pasir Lokal (GKP), karung 50 kg",1100,3500.0,KG,17150.0,1,60025000.0,X
4500000162,10,RM-GULA-001,"Gula Pasir Lokal (GKP), karung 50 kg",1100,6500.0,KG,17450.0,1,113425000.0,X
4500000163,10,RM-GULA-001,"Gula Pasir Lokal (GKP), karung 50 kg",1100,3000.0,KG,17300.0,1,51900000.0,X
4500000164,10,RM-GULA-001,"Gula Pasir Lokal (GKP), karung 50 kg",1100,3000.0,KG,17200.0,1,51600000.0,X
4500000165,10,RM-GULA-001,"Gula Pasir Lokal (GKP), karung 50 kg",1100,4000.0,KG,17000.0,1,68000000.0,X
4500000166,10,RM-GULA-001,"Gula Pasir Lokal (GKP), karung 50 kg",1100,7500.0,KG,17000.0,1,127500000.0,X
4500000167,10,RM-GULA-001,"Gula Pasir Lokal (GKP), karung 50 kg",1100,7500.0,KG,16100.0,1,120750000.0,X
4500000168,10,RM-GULA-001,"Gula Pasir Lokal (GKP), karung 50 kg",1100,6000.0,KG,16600.0,1,99600000.0,X
4500000169,10,RM-GULA-001,"Gula Pasir Lokal (GKP), karung 50 kg",1100,5500.0,KG,16650.0,1,91575000.0,X
4500000170,10,RM-GULA-001,"Gula Pasir Lokal (GKP), karung 50 kg",1100,3000.0,KG,16600.0,1,49800000.0,X
4500000171,10,RM-GULA-001,"Gula Pasir Lokal (GKP), karung 50 kg",1100,7500.0,KG,16250.0,1,121875000.0,X
4500000172,10,RM-GULA-001,"Gula Pasir Lokal (GKP), karung 50 kg",1100,4000.0,KG,16750.0,1,67000000.0,X
4500000173,10,RM-GULA-001,"Gula Pasir Lokal (GKP), karung 50 kg",1100,3500.0,KG,17700.0,1,61950000.0,X
4500000174,10,RM-GULA-001,"Gula Pasir Lokal (GKP), karung 50 kg",1100,7000.0,KG,16800.0,1,117600000.0,X
4500000175,10,RM-GULA-001,"Gula Pasir Lokal (GKP), karung 50 kg",1100,8000.0,KG,16550.0,1,132400000.0,X
4500000176,10,RM-GULA-001,"Gula Pasir Lokal (GKP), karung 50 kg",1100,5500.0,KG,15950.0,1,87725000.0,X
4500000177,10,RM-GULA-001,"Gula Pasir Lokal (GKP), karung 50 kg",1100,7500.0,KG,15800.0,1,118500000.0,X
4500000178,10,RM-GULA-001,"Gula Pasir Lokal (GKP), karung 50 kg",1100,7000.0,KG,15850.0,1,110950000.0,X
4500000179,10,RM-GULA-001,"Gula Pasir Lokal (GKP), karung 50 kg",1100,5000.0,KG,16250.0,1,81250000.0,X
4500000180,10,RM-GULA-001,"Gula Pasir Lokal (GKP), karung 50 kg",1100,5500.0,KG,16100.0,1,88550000.0,X
4500000181,10,RM-GULA-001,"Gula Pasir Lokal (GKP), karung 50 kg",1100,3500.0,KG,16550.0,1,57925000.0,X
4500000182,10,RM-GULA-001,"Gula Pasir Lokal (GKP), karung 50 kg",1100,6000.0,KG,16100.0,1,96600000.0,X
4500000183,10,RM-GULA-001,"Gula Pasir Lokal (GKP), karung 50 kg",1100,6000.0,KG,16450.0,1,98700000.0,X
4500000184,10,RM-GULA-001,"Gula Pasir Lokal (GKP), karung 50 kg",1100,6500.0,KG,16800.0,1,109200000.0,X
4500000185,10,RM-GULA-001,"Gula Pasir Lokal (GKP), karung 50 kg",1100,4000.0,KG,16600.0,1,66400000.0,X
4500000186,10,RM-GULA-001,"Gula Pasir Lokal (GKP), karung 50 kg",1100,3500.0,KG,16550.0,1,57925000.0,X
4500000187,10,RM-GULA-001,"Gula Pasir Lokal (GKP), karung 50 kg",1100,3500.0,KG,16050.0,1,56175000.0,X
4500000188,10,RM-GULA-001,"Gula Pasir Lokal (GKP), karung 50 kg",1100,3500.0,KG,16600.0,1,58100000.0,X
4500000189,10,RM-GULA-001,"Gula Pasir Lokal (GKP), karung 50 kg",1100,6000.0,KG,16200.0,1,97200000.0,X
4500000190,10,RM-GULA-001,"Gula Pasir Lokal (GKP), karung 50 kg",1100,5000.0,KG,16300.0,1,81500000.0,X
4500000191,10,RM-GULA-001,"Gula Pasir Lokal (GKP), karung 50 kg",1100,6500.0,KG,17050.0,1,110825000.0,X
4500000192,10,RM-GULA-001,"Gula Pasir Lokal (GKP), karung 50 kg",1100,5500.0,KG,15900.0,1,87450000.0,X
4500000193,10,RM-GULA-001,"Gula Pasir Lokal (GKP), karung 50 kg",1100,6000.0,KG,17050.0,1,102300000.0,X
4500000194,10,RM-GULA-001,"Gula Pasir Lokal (GKP), karung 50 kg",1100,3500.0,KG,16800.0,1,58800000.0,X
4500000195,10,RM-GULA-001,"Gula Pasir Lokal (GKP), karung 50 kg",1100,3500.0,KG,16250.0,1,56875000.0,X
4500000196,10,RM-GULA-001,"Gula Pasir Lokal (GKP), karung 50 kg",1100,4500.0,KG,15800.0,1,71100000.0,X
4500000197,10,RM-GULA-001,"Gula Pasir Lokal (GKP), karung 50 kg",1100,4000.0,KG,16200.0,1,64800000.0,X
4500000198,10,RM-GULA-001,"Gula Pasir Lokal (GKP), karung 50 kg",1100,3000.0,KG,15550.0,1,46650000.0,X
4500000199,10,RM-GULA-001,"Gula Pasir Lokal (GKP), karung 50 kg",1100,6500.0,KG,16250.0,1,105625000.0,X
4500000200,10,RM-GULA-001,"Gula Pasir Lokal (GKP), karung 50 kg",1100,3500.0,KG,17000.0,1,59500000.0,X
4500000201,10,RM-GULA-001,"Gula Pasir Lokal (GKP), karung 50 kg",1100,7000.0,KG,16800.0,1,117600000.0,X
4500000202,10,RM-GULA-001,"Gula Pasir Lokal (GKP), karung 50 kg",1100,6500.0,KG,16500.0,1,107250000.0,X
4500000203,10,RM-GULA-001,"Gula Pasir Lokal (GKP), karung 50 kg",1100,3500.0,KG,15950.0,1,55825000.0,X
4500000204,10,RM-GULA-001,"Gula Pasir Lokal (GKP), karung 50 kg",1100,3500.0,KG,16750.0,1,58625000.0,X
4500000205,10,RM-GULA-001,"Gula Pasir Lokal (GKP), karung 50 kg",1100,5500.0,KG,16450.0,1,90475000.0,X
4500000206,10,RM-GULA-001,"Gula Pasir Lokal (GKP), karung 50 kg",1100,5500.0,KG,16000.0,1,88000000.0,X
4500000207,10,RM-GULA-001,"Gula Pasir Lokal (GKP), karung 50 kg",1100,3000.0,KG,15400.0,1,46200000.0,X
4500000208,10,RM-GULA-001,"Gula Pasir Lokal (GKP), karung 50 kg",1100,5000.0,KG,15450.0,1,77250000.0,X
4500000209,10,RM-GULA-001,"Gula Pasir Lokal (GKP), karung 50 kg",1100,4500.0,KG,16300.0,1,73350000.0,X
4500000210,10,RM-GULA-001,"Gula Pasir Lokal (GKP), karung 50 kg",1100,7500.0,KG,16500.0,1,123750000.0,X
4500000211,10,RM-GULA-001,"Gula Pasir Lokal (GKP), karung 50 kg",1100,6500.0,KG,15950.0,1,103675000.0,X
4500000212,10,RM-GULA-001,"Gula Pasir Lokal (GKP), karung 50 kg",1100,4000.0,KG,17000.0,1,68000000.0,X
4500000213,10,RM-GULA-001,"Gula Pasir Lokal (GKP), karung 50 kg",1100,3000.0,KG,16250.0,1,48750000.0,X
4500000214,10,RM-GULA-001,"Gula Pasir Lokal (GKP), karung 50 kg",1100,5500.0,KG,16500.0,1,90750000.0,X
4500000215,10,RM-GULA-001,"Gula Pasir Lokal (GKP), karung 50 kg",1100,5500.0,KG,16950.0,1,93225000.0,X
4500000216,10,RM-GULA-001,"Gula Pasir Lokal (GKP), karung 50 kg",1100,7000.0,KG,16350.0,1,114450000.0,X
4500000217,10,RM-GULA-001,"Gula Pasir Lokal (GKP), karung 50 kg",1100,7000.0,KG,16450.0,1,115150000.0,X
4500000218,10,RM-GULA-001,"Gula Pasir Lokal (GKP), karung 50 kg",1100,4500.0,KG,16250.0,1,73125000.0,X
4500000219,10,RM-GULA-001,"Gula Pasir Lokal (GKP), karung 50 kg",1100,6500.0,KG,15600.0,1,101400000.0,X
4500000220,10,RM-GULA-001,"Gula Pasir Lokal (GKP), karung 50 kg",1100,4000.0,KG,16050.0,1,64200000.0,X
4500000221,10,RM-GULA-001,"Gula Pasir Lokal (GKP), karung 50 kg",1100,5500.0,KG,15950.0,1,87725000.0,X
4500000222,10,RM-GULA-001,"Gula Pasir Lokal (GKP), karung 50 kg",1100,6500.0,KG,15850.0,1,103025000.0,X
4500000223,10,RM-GULA-001,"Gula Pasir Lokal (GKP), karung 50 kg",1100,7500.0,KG,16400.0,1,123000000.0,X
4500000224,10,RM-GULA-001,"Gula Pasir Lokal (GKP), karung 50 kg",1100,4500.0,KG,16200.0,1,72900000.0,X
4500000225,10,RM-GULA-001,"Gula Pasir Lokal (GKP), karung 50 kg",1100,7000.0,KG,16650.0,1,116550000.0,X
4500000226,10,RM-GULA-001,"Gula Pasir Lokal (GKP), karung 50 kg",1100,7000.0,KG,16050.0,1,112350000.0,X
4500000227,10,RM-GULA-001,"Gula Pasir Lokal (GKP), karung 50 kg",1100,4000.0,KG,16000.0,1,64000000.0,X
4500000228,10,RM-GULA-001,"Gula Pasir Lokal (GKP), karung 50 kg",1100,5500.0,KG,16550.0,1,91025000.0,X
4500000229,10,RM-GULA-001,"Gula Pasir Lokal (GKP), karung 50 kg",1100,3500.0,KG,16250.0,1,56875000.0,X
4500000230,10,RM-GULA-001,"Gula Pasir Lokal (GKP), karung 50 kg",1100,8000.0,KG,15650.0,1,125200000.0,X
4500000231,10,RM-GULA-001,"Gula Pasir Lokal (GKP), karung 50 kg",1100,7500.0,KG,15950.0,1,119625000.0,X
4500000232,10,RM-GULA-001,"Gula Pasir Lokal (GKP), karung 50 kg",1100,7000.0,KG,16100.0,1,112700000.0,X
4500000233,10,RM-GULA-001,"Gula Pasir Lokal (GKP), karung 50 kg",1100,3000.0,KG,16750.0,1,50250000.0,X
4500000234,10,RM-GULA-001,"Gula Pasir Lokal (GKP), karung 50 kg",1100,3500.0,KG,16200.0,1,56700000.0,X
4500000235,10,RM-GULA-001,"Gula Pasir Lokal (GKP), karung 50 kg",1100,4000.0,KG,16600.0,1,66400000.0,X
4500000236,10,RM-GULA-001,"Gula Pasir Lokal (GKP), karung 50 kg",1100,4500.0,KG,15650.0,1,70425000.0,X
4500000237,10,RM-GULA-001,"Gula Pasir Lokal (GKP), karung 50 kg",1100,4500.0,KG,15750.0,1,70875000.0,X
4500000238,10,RM-GULA-001,"Gula Pasir Lokal (GKP), karung 50 kg",1100,5500.0,KG,16400.0,1,90200000.0,X
4500000239,10,RM-GULA-001,"Gula Pasir Lokal (GKP), karung 50 kg",1100,3000.0,KG,16150.0,1,48450000.0,X
4500000240,10,RM-GULA-001,"Gula Pasir Lokal (GKP), karung 50 kg",1100,5000.0,KG,16300.0,1,81500000.0,X
4500000241,10,RM-GULA-001,"Gula Pasir Lokal (GKP), karung 50 kg",1100,6000.0,KG,16500.0,1,99000000.0,X
4500000242,10,RM-GULA-001,"Gula Pasir Lokal (GKP), karung 50 kg",1100,4000.0,KG,16950.0,1,67800000.0,X
4500000243,10,RM-GULA-001,"Gula Pasir Lokal (GKP), karung 50 kg",1100,4500.0,KG,15450.0,1,69525000.0,X
4500000244,10,RM-GULA-001,"Gula Pasir Lokal (GKP), karung 50 kg",1100,5500.0,KG,17050.0,1,93775000.0,X
4500000245,10,RM-GULA-001,"Gula Pasir Lokal (GKP), karung 50 kg",1100,4500.0,KG,15700.0,1,70650000.0,X
4500000246,10,RM-GULA-001,"Gula Pasir Lokal (GKP), karung 50 kg",1100,3500.0,KG,15650.0,1,54775000.0,X
4500000247,10,RM-GULA-001,"Gula Pasir Lokal (GKP), karung 50 kg",1100,5500.0,KG,15400.0,1,84700000.0,X
4500000248,10,RM-GULA-001,"Gula Pasir Lokal (GKP), karung 50 kg",1100,3000.0,KG,15700.0,1,47100000.0,X
4500000249,10,RM-GULA-001,"Gula Pasir Lokal (GKP), karung 50 kg",1100,4500.0,KG,15450.0,1,69525000.0,X
4500000250,10,RM-GULA-001,"Gula Pasir Lokal (GKP), karung 50 kg",1100,5500.0,KG,15550.0,1,85525000.0,X
4500000251,10,RM-GULA-001,"Gula Pasir Lokal (GKP), karung 50 kg",1100,5000.0,KG,15450.0,1,77250000.0,X
4500000252,10,RM-GULA-001,"Gula Pasir Lokal (GKP), karung 50 kg",1100,5000.0,KG,17250.0,1,86250000.0,X
4500000253,10,RM-GULA-001,"Gula Pasir Lokal (GKP), karung 50 kg",1100,6500.0,KG,16350.0,1,106275000.0,X
4500000254,10,RM-GULA-001,"Gula Pasir Lokal (GKP), karung 50 kg",1100,5500.0,KG,16450.0,1,90475000.0,X
4500000255,10,RM-GULA-001,"Gula Pasir Lokal (GKP), karung 50 kg",1100,8000.0,KG,16700.0,1,133600000.0,X
4500000256,10,RM-GULA-001,"Gula Pasir Lokal (GKP), karung 50 kg",1100,3000.0,KG,16850.0,1,50550000.0,X
4500000257,10,RM-GULA-001,"Gula Pasir Lokal (GKP), karung 50 kg",1100,7000.0,KG,17300.0,1,121100000.0,X
4500000258,10,RM-GULA-001,"Gula Pasir Lokal (GKP), karung 50 kg",1100,7500.0,KG,16650.0,1,124875000.0,X
4500000259,10,RM-GULA-001,"Gula Pasir Lokal (GKP), karung 50 kg",1100,3500.0,KG,15950.0,1,55825000.0,X
4500000260,10,RM-GULA-001,"Gula Pasir Lokal (GKP), karung 50 kg",1100,3000.0,KG,16150.0,1,48450000.0,X
4500000261,10,RM-GULA-001,"Gula Pasir Lokal (GKP), karung 50 kg",1100,4000.0,KG,16350.0,1,65400000.0,X
4500000262,10,RM-GULA-001,"Gula Pasir Lokal (GKP), karung 50 kg",1100,4000.0,KG,16200.0,1,64800000.0,X
4500000263,10,RM-GULA-001,"Gula Pasir Lokal (GKP), karung 50 kg",1100,3500.0,KG,16550.0,1,57925000.0,X
4500000264,10,RM-GULA-001,"Gula Pasir Lokal (GKP), karung 50 kg",1100,5500.0,KG,16950.0,1,93225000.0,X
4500000265,10,RM-GULA-001,"Gula Pasir Lokal (GKP), karung 50 kg",1100,3500.0,KG,16100.0,1,56350000.0,X
4500000266,10,RM-GULA-001,"Gula Pasir Lokal (GKP), karung 50 kg",1100,3500.0,KG,15550.0,1,54425000.0,X
4500000267,10,RM-GULA-001,"Gula Pasir Lokal (GKP), karung 50 kg",1100,5500.0,KG,16650.0,1,91575000.0,X
4500000268,10,RM-GULA-001,"Gula Pasir Lokal (GKP), karung 50 kg",1100,7000.0,KG,15850.0,1,110950000.0,X
4500000269,10,RM-GULA-001,"Gula Pasir Lokal (GKP), karung 50 kg",1100,6000.0,KG,16800.0,1,100800000.0,X
4500000270,10,RM-GULA-001,"Gula Pasir Lokal (GKP), karung 50 kg",1100,4500.0,KG,16400.0,1,73800000.0,X
4500000271,10,RM-GULA-001,"Gula Pasir Lokal (GKP), karung 50 kg",1100,3000.0,KG,16600.0,1,49800000.0,X
4500000272,10,RM-GULA-001,"Gula Pasir Lokal (GKP), karung 50 kg",1100,8000.0,KG,16150.0,1,129200000.0,X
4500000273,10,RM-GULA-001,"Gula Pasir Lokal (GKP), karung 50 kg",1100,3500.0,KG,16200.0,1,56700000.0,X
4500000274,10,RM-GULA-001,"Gula Pasir Lokal (GKP), karung 50 kg",1100,4000.0,KG,16150.0,1,64600000.0,X
4500000275,10,RM-GULA-001,"Gula Pasir Lokal (GKP), karung 50 kg",1100,7000.0,KG,17550.0,1,122850000.0,X
4500000276,10,RM-GULA-001,"Gula Pasir Lokal (GKP), karung 50 kg",1100,4000.0,KG,16500.0,1,66000000.0,X
4500000277,10,RM-GULA-001,"Gula Pasir Lokal (GKP), karung 50 kg",1100,3000.0,KG,17000.0,1,51000000.0,X
4500000278,10,RM-GULA-001,"Gula Pasir Lokal (GKP), karung 50 kg",1100,4500.0,KG,16800.0,1,75600000.0,X
4500000279,10,RM-GULA-001,"Gula Pasir Lokal (GKP), karung 50 kg",1100,3000.0,KG,16200.0,1,48600000.0,X
4500000280,10,RM-GULA-001,"Gula Pasir Lokal (GKP), karung 50 kg",1100,6500.0,KG,16650.0,1,108225000.0,X
4500000281,10,RM-GULA-001,"Gula Pasir Lokal (GKP), karung 50 kg",1100,3500.0,KG,16250.0,1,56875000.0,X
4500000282,10,RM-GULA-001,"Gula Pasir Lokal (GKP), karung 50 kg",1100,7500.0,KG,16600.0,1,124500000.0,X
4500000283,10,RM-GULA-001,"Gula Pasir Lokal (GKP), karung 50 kg",1100,7000.0,KG,16850.0,1,117950000.0,X
4500000284,10,RM-GULA-001,"Gula Pasir Lokal (GKP), karung 50 kg",1100,5500.0,KG,16450.0,1,90475000.0,X
4500000285,10,RM-GULA-001,"Gula Pasir Lokal (GKP), karung 50 kg",1100,4000.0,KG,15950.0,1,63800000.0,X
4500000286,10,RM-GULA-001,"Gula Pasir Lokal (GKP), karung 50 kg",1100,5500.0,KG,16850.0,1,92675000.0,X
4500000287,10,RM-GULA-001,"Gula Pasir Lokal (GKP), karung 50 kg",1100,7500.0,KG,17350.0,1,130125000.0,X
4500000288,10,RM-GULA-001,"Gula Pasir Lokal (GKP), karung 50 kg",1100,7000.0,KG,16650.0,1,116550000.0,X
4500000289,10,RM-GULA-001,"Gula Pasir Lokal (GKP), karung 50 kg",1100,5000.0,KG,17200.0,1,86000000.0,X
4500000290,10,RM-GULA-001,"Gula Pasir Lokal (GKP), karung 50 kg",1100,6000.0,KG,17400.0,1,104400000.0,X
4500000291,10,RM-GULA-001,"Gula Pasir Lokal (GKP), karung 50 kg",1100,5000.0,KG,16750.0,1,83750000.0,X
4500000292,10,RM-GULA-001,"Gula Pasir Lokal (GKP), karung 50 kg",1100,7000.0,KG,16100.0,1,112700000.0,X
4500000293,10,RM-GULA-001,"Gula Pasir Lokal (GKP), karung 50 kg",1100,6500.0,KG,17350.0,1,112775000.0,X
4500000294,10,RM-GULA-001,"Gula Pasir Lokal (GKP), karung 50 kg",1100,4500.0,KG,16500.0,1,74250000.0,X
4500000295,10,RM-GULA-001,"Gula Pasir Lokal (GKP), karung 50 kg",1100,6000.0,KG,16900.0,1,101400000.0,X
4500000296,10,RM-GULA-001,"Gula Pasir Lokal (GKP), karung 50 kg",1100,4000.0,KG,17150.0,1,68600000.0,X
4500000297,10,RM-GULA-001,"Gula Pasir Lokal (GKP), karung 50 kg",1100,5500.0,KG,16750.0,1,92125000.0,X
4500000298,10,RM-GULA-001,"Gula Pasir Lokal (GKP), karung 50 kg",1100,8000.0,KG,16800.0,1,134400000.0,X
4500000299,10,RM-GULA-001,"Gula Pasir Lokal (GKP), karung 50 kg",1100,5500.0,KG,16800.0,1,92400000.0,X
4500000300,10,RM-GULA-001,"Gula Pasir Lokal (GKP), karung 50 kg",1100,3000.0,KG,17600.0,1,52800000.0,X
4500000301,10,RM-GULA-001,"Gula Pasir Lokal (GKP), karung 50 kg",1100,6000.0,KG,16600.0,1,99600000.0,X
4500000302,10,RM-GULA-001,"Gula Pasir Lokal (GKP), karung 50 kg",1100,4000.0,KG,16200.0,1,64800000.0,X
4500000303,10,RM-GULA-001,"Gula Pasir Lokal (GKP), karung 50 kg",1100,3500.0,KG,16250.0,1,56875000.0,X
4500000304,10,RM-GULA-001,"Gula Pasir Lokal (GKP), karung 50 kg",1100,4000.0,KG,17150.0,1,68600000.0,X
4500000305,10,RM-GULA-001,"Gula Pasir Lokal (GKP), karung 50 kg",1100,6500.0,KG,17400.0,1,113100000.0,X
4500000306,10,RM-GULA-001,"Gula Pasir Lokal (GKP), karung 50 kg",1100,7500.0,KG,17400.0,1,130500000.0,X
4500000307,10,RM-GULA-001,"Gula Pasir Lokal (GKP), karung 50 kg",1100,4000.0,KG,17250.0,1,69000000.0,X
4500000308,10,RM-GULA-001,"Gula Pasir Lokal (GKP), karung 50 kg",1100,6500.0,KG,17100.0,1,111150000.0,X
4500000309,10,RM-GULA-001,"Gula Pasir Lokal (GKP), karung 50 kg",1100,4000.0,KG,17550.0,1,70200000.0,X
4500000310,10,RM-GULA-001,"Gula Pasir Lokal (GKP), karung 50 kg",1100,4000.0,KG,17900.0,1,71600000.0,X
4500000311,10,RM-GULA-001,"Gula Pasir Lokal (GKP), karung 50 kg",1100,3000.0,KG,17500.0,1,52500000.0,X
4500000312,10,RM-GULA-001,"Gula Pasir Lokal (GKP), karung 50 kg",1100,8000.0,KG,17300.0,1,138400000.0,X
4500000313,10,RM-GULA-001,"Gula Pasir Lokal (GKP), karung 50 kg",1100,4000.0,KG,18200.0,1,72800000.0,X
4500000314,10,RM-GULA-001,"Gula Pasir Lokal (GKP), karung 50 kg",1100,4500.0,KG,17100.0,1,76950000.0,X
4500000315,10,RM-GULA-001,"Gula Pasir Lokal (GKP), karung 50 kg",1100,3000.0,KG,17050.0,1,51150000.0,X
4500000316,10,RM-GULA-001,"Gula Pasir Lokal (GKP), karung 50 kg",1100,5500.0,KG,16300.0,1,89650000.0,X
4500000317,10,RM-GULA-001,"Gula Pasir Lokal (GKP), karung 50 kg",1100,6000.0,KG,17500.0,1,105000000.0,X
4500000318,10,RM-GULA-001,"Gula Pasir Lokal (GKP), karung 50 kg",1100,4500.0,KG,17100.0,1,76950000.0,X
4500000319,10,RM-GULA-001,"Gula Pasir Lokal (GKP), karung 50 kg",1100,7000.0,KG,17050.0,1,119350000.0,X
4500000320,10,RM-GULA-001,"Gula Pasir Lokal (GKP), karung 50 kg",1100,3500.0,KG,16750.0,1,58625000.0,X
4500000321,10,RM-GULA-001,"Gula Pasir Lokal (GKP), karung 50 kg",1100,6000.0,KG,17950.0,1,107700000.0,X
4500000322,10,RM-GULA-001,"Gula Pasir Lokal (GKP), karung 50 kg",1100,4500.0,KG,17700.0,1,79650000.0,X
4500000323,10,RM-GULA-001,"Gula Pasir Lokal (GKP), karung 50 kg",1100,4500.0,KG,17850.0,1,80325000.0,X
4500000324,10,RM-GULA-001,"Gula Pasir Lokal (GKP), karung 50 kg",1100,6000.0,KG,16350.0,1,98100000.0,X
4500000325,10,RM-GULA-001,"Gula Pasir Lokal (GKP), karung 50 kg",1100,5000.0,KG,18150.0,1,90750000.0,X
4500000326,10,RM-GULA-001,"Gula Pasir Lokal (GKP), karung 50 kg",1100,8000.0,KG,16700.0,1,133600000.0,X
4500000327,10,RM-GULA-001,"Gula Pasir Lokal (GKP), karung 50 kg",1100,3500.0,KG,17450.0,1,61075000.0,X
4500000328,10,RM-GULA-001,"Gula Pasir Lokal (GKP), karung 50 kg",1100,8000.0,KG,18400.0,1,147200000.0,X
4500000329,10,RM-GULA-001,"Gula Pasir Lokal (GKP), karung 50 kg",1100,3500.0,KG,17550.0,1,61425000.0,X
4500000330,10,RM-GULA-001,"Gula Pasir Lokal (GKP), karung 50 kg",1100,7500.0,KG,17500.0,1,131250000.0,X
4500000331,10,RM-GULA-001,"Gula Pasir Lokal (GKP), karung 50 kg",1100,6500.0,KG,16850.0,1,109525000.0,X
4500000332,10,RM-GULA-001,"Gula Pasir Lokal (GKP), karung 50 kg",1100,7000.0,KG,17100.0,1,119700000.0,X
4500000333,10,RM-GULA-001,"Gula Pasir Lokal (GKP), karung 50 kg",1100,8000.0,KG,17300.0,1,138400000.0,X
4500000334,10,RM-GULA-001,"Gula Pasir Lokal (GKP), karung 50 kg",1100,5000.0,KG,17800.0,1,89000000.0,X
4500000335,10,RM-GULA-001,"Gula Pasir Lokal (GKP), karung 50 kg",1100,6500.0,KG,17850.0,1,116025000.0,X
4500000336,10,RM-GULA-001,"Gula Pasir Lokal (GKP), karung 50 kg",1100,5500.0,KG,16700.0,1,91850000.0,X
4500000337,10,RM-GULA-001,"Gula Pasir Lokal (GKP), karung 50 kg",1100,6500.0,KG,17400.0,1,113100000.0,X
4500000338,10,RM-GULA-001,"Gula Pasir Lokal (GKP), karung 50 kg",1100,5500.0,KG,16650.0,1,91575000.0,X
4500000339,10,RM-GULA-001,"Gula Pasir Lokal (GKP), karung 50 kg",1100,6000.0,KG,17450.0,1,104700000.0,X
4500000340,10,RM-GULA-001,"Gula Pasir Lokal (GKP), karung 50 kg",1100,3500.0,KG,16900.0,1,59150000.0,X
4500000341,10,RM-GULA-001,"Gula Pasir Lokal (GKP), karung 50 kg",1100,5000.0,KG,18150.0,1,90750000.0,X
4500000342,10,RM-GULA-001,"Gula Pasir Lokal (GKP), karung 50 kg",1100,7000.0,KG,16700.0,1,116900000.0,X
4500000343,10,RM-GULA-001,"Gula Pasir Lokal (GKP), karung 50 kg",1100,3500.0,KG,17050.0,1,59675000.0,X
4500000344,10,RM-GULA-001,"Gula Pasir Lokal (GKP), karung 50 kg",1100,7500.0,KG,16450.0,1,123375000.0,X
4500000345,10,RM-GULA-001,"Gula Pasir Lokal (GKP), karung 50 kg",1100,3500.0,KG,17250.0,1,60375000.0,X
4500000346,10,RM-GULA-001,"Gula Pasir Lokal (GKP), karung 50 kg",1100,3500.0,KG,16600.0,1,58100000.0,X
4500000347,10,RM-GULA-001,"Gula Pasir Lokal (GKP), karung 50 kg",1100,7500.0,KG,17250.0,1,129375000.0,X
4500000348,10,RM-GULA-001,"Gula Pasir Lokal (GKP), karung 50 kg",1100,4500.0,KG,18100.0,1,81450000.0,X
4500000349,10,RM-GULA-001,"Gula Pasir Lokal (GKP), karung 50 kg",1100,3500.0,KG,17250.0,1,60375000.0,X
4500000350,10,RM-GULA-001,"Gula Pasir Lokal (GKP), karung 50 kg",1100,4000.0,KG,17550.0,1,70200000.0,X
4500000351,10,RM-GULA-001,"Gula Pasir Lokal (GKP), karung 50 kg",1100,8000.0,KG,17550.0,1,140400000.0,X
4500000352,10,RM-GULA-001,"Gula Pasir Lokal (GKP), karung 50 kg",1100,3000.0,KG,17450.0,1,52350000.0,X
4500000353,10,RM-GULA-001,"Gula Pasir Lokal (GKP), karung 50 kg",1100,5000.0,KG,17800.0,1,89000000.0,X
4500000354,10,RM-GULA-001,"Gula Pasir Lokal (GKP), karung 50 kg",1100,7000.0,KG,17100.0,1,119700000.0,X
4500000355,10,RM-GULA-001,"Gula Pasir Lokal (GKP), karung 50 kg",1100,3000.0,KG,16700.0,1,50100000.0,X
4500000356,10,RM-GULA-001,"Gula Pasir Lokal (GKP), karung 50 kg",1100,7000.0,KG,16800.0,1,117600000.0,X
4500000357,10,RM-GULA-001,"Gula Pasir Lokal (GKP), karung 50 kg",1100,6000.0,KG,16750.0,1,100500000.0,X
4500000358,10,RM-GULA-001,"Gula Pasir Lokal (GKP), karung 50 kg",1100,5500.0,KG,16650.0,1,91575000.0,X
4500000359,10,RM-GULA-001,"Gula Pasir Lokal (GKP), karung 50 kg",1100,7500.0,KG,16500.0,1,123750000.0,X
4500000360,10,RM-GULA-001,"Gula Pasir Lokal (GKP), karung 50 kg",1100,8000.0,KG,17100.0,1,136800000.0,X
4500000361,10,RM-GULA-001,"Gula Pasir Lokal (GKP), karung 50 kg",1100,7000.0,KG,17400.0,1,121800000.0,X
4500000362,10,RM-GULA-001,"Gula Pasir Lokal (GKP), karung 50 kg",1100,6000.0,KG,17900.0,1,107400000.0,X
4500000363,10,RM-GULA-001,"Gula Pasir Lokal (GKP), karung 50 kg",1100,6000.0,KG,17450.0,1,104700000.0,X
4500000364,10,RM-GULA-001,"Gula Pasir Lokal (GKP), karung 50 kg",1100,7500.0,KG,17750.0,1,133125000.0,X
4500000365,10,RM-GULA-001,"Gula Pasir Lokal (GKP), karung 50 kg",1100,3500.0,KG,16950.0,1,59325000.0,X
4500000366,10,RM-GULA-001,"Gula Pasir Lokal (GKP), karung 50 kg",1100,4500.0,KG,16350.0,1,73575000.0,X
4500000367,10,RM-GULA-001,"Gula Pasir Lokal (GKP), karung 50 kg",1100,6500.0,KG,17600.0,1,114400000.0,X
4500000368,10,RM-GULA-001,"Gula Pasir Lokal (GKP), karung 50 kg",1100,3500.0,KG,16650.0,1,58275000.0,X
4500000369,10,RM-GULA-001,"Gula Pasir Lokal (GKP), karung 50 kg",1100,3000.0,KG,17550.0,1,52650000.0,X
4500000370,10,RM-GULA-001,"Gula Pasir Lokal (GKP), karung 50 kg",1100,6500.0,KG,17200.0,1,111800000.0,X
4500000371,10,RM-GULA-001,"Gula Pasir Lokal (GKP), karung 50 kg",1100,4500.0,KG,17100.0,1,76950000.0,X
4500000372,10,RM-GULA-001,"Gula Pasir Lokal (GKP), karung 50 kg",1100,7500.0,KG,18000.0,1,135000000.0,X
4500000373,10,RM-GULA-001,"Gula Pasir Lokal (GKP), karung 50 kg",1100,6500.0,KG,17450.0,1,113425000.0,X
4500000374,10,RM-GULA-001,"Gula Pasir Lokal (GKP), karung 50 kg",1100,5500.0,KG,16650.0,1,91575000.0,X
4500000375,10,RM-GULA-001,"Gula Pasir Lokal (GKP), karung 50 kg",1100,6000.0,KG,18400.0,1,110400000.0,X
4500000376,10,RM-GULA-001,"Gula Pasir Lokal (GKP), karung 50 kg",1100,4000.0,KG,17400.0,1,69600000.0,X
4500000377,10,RM-GULA-001,"Gula Pasir Lokal (GKP), karung 50 kg",1100,8000.0,KG,16650.0,1,133200000.0,X
4500000378,10,RM-GULA-001,"Gula Pasir Lokal (GKP), karung 50 kg",1100,8000.0,KG,17500.0,1,140000000.0,X
4500000379,10,RM-GULA-001,"Gula Pasir Lokal (GKP), karung 50 kg",1100,4000.0,KG,16400.0,1,65600000.0,X
4500000380,10,RM-GULA-001,"Gula Pasir Lokal (GKP), karung 50 kg",1100,5000.0,KG,17500.0,1,87500000.0,X
4500000381,10,RM-GULA-001,"Gula Pasir Lokal (GKP), karung 50 kg",1100,6000.0,KG,16450.0,1,98700000.0,X
4500000382,10,RM-GULA-001,"Gula Pasir Lokal (GKP), karung 50 kg",1100,6500.0,KG,16400.0,1,106600000.0,X
4500000383,10,RM-GULA-001,"Gula Pasir Lokal (GKP), karung 50 kg",1100,3500.0,KG,17100.0,1,59850000.0,X
4500000384,10,RM-GULA-001,"Gula Pasir Lokal (GKP), karung 50 kg",1100,8000.0,KG,17100.0,1,136800000.0,X
4500000385,10,RM-GULA-001,"Gula Pasir Lokal (GKP), karung 50 kg",1100,5000.0,KG,18050.0,1,90250000.0,X
4500000386,10,RM-GULA-001,"Gula Pasir Lokal (GKP), karung 50 kg",1100,8000.0,KG,17250.0,1,138000000.0,X
4500000387,10,RM-GULA-001,"Gula Pasir Lokal (GKP), karung 50 kg",1100,4000.0,KG,17200.0,1,68800000.0,X
4500000388,10,RM-GULA-001,"Gula Pasir Lokal (GKP), karung 50 kg",1100,8000.0,KG,16550.0,1,132400000.0,X
4500000389,10,RM-GULA-001,"Gula Pasir Lokal (GKP), karung 50 kg",1100,5000.0,KG,17150.0,1,85750000.0,X
4500000390,10,RM-GULA-001,"Gula Pasir Lokal (GKP), karung 50 kg",1100,5000.0,KG,16550.0,1,82750000.0,X
4500000391,10,RM-GULA-001,"Gula Pasir Lokal (GKP), karung 50 kg",1100,7000.0,KG,17100.0,1,119700000.0,X
4500000392,10,RM-GULA-001,"Gula Pasir Lokal (GKP), karung 50 kg",1100,6500.0,KG,16900.0,1,109850000.0,X
4500000393,10,RM-GULA-001,"Gula Pasir Lokal (GKP), karung 50 kg",1100,4000.0,KG,16450.0,1,65800000.0,X
4500000394,10,RM-GULA-001,"Gula Pasir Lokal (GKP), karung 50 kg",1100,6000.0,KG,17050.0,1,102300000.0,X
4500000395,10,RM-GULA-001,"Gula Pasir Lokal (GKP), karung 50 kg",1100,7500.0,KG,17400.0,1,130500000.0,X
4500000396,10,RM-GULA-001,"Gula Pasir Lokal (GKP), karung 50 kg",1100,5500.0,KG,17200.0,1,94600000.0,X
4500000397,10,RM-GULA-001,"Gula Pasir Lokal (GKP), karung 50 kg",1100,4500.0,KG,17000.0,1,76500000.0,X
4500000398,10,RM-GULA-001,"Gula Pasir Lokal (GKP), karung 50 kg",1100,4500.0,KG,16550.0,1,74475000.0,X
4500000399,10,RM-GULA-001,"Gula Pasir Lokal (GKP), karung 50 kg",1100,6500.0,KG,17050.0,1,110825000.0,X
4500000400,10,RM-GULA-001,"Gula Pasir Lokal (GKP), karung 50 kg",1100,4500.0,KG,17000.0,1,76500000.0,X
4500000401,10,RM-GULA-001,"Gula Pasir Lokal (GKP), karung 50 kg",1100,6000.0,KG,17900.0,1,107400000.0,X
4500000402,10,RM-GULA-001,"Gula Pasir Lokal (GKP), karung 50 kg",1100,4500.0,KG,16550.0,1,74475000.0,X
4500000403,10,RM-GULA-001,"Gula Pasir Lokal (GKP), karung 50 kg",1100,5000.0,KG,16900.0,1,84500000.0,X
4500000404,10,RM-GULA-001,"Gula Pasir Lokal (GKP), karung 50 kg",1100,7500.0,KG,17250.0,1,129375000.0,X
4500000405,10,RM-GULA-001,"Gula Pasir Lokal (GKP), karung 50 kg",1100,7000.0,KG,17650.0,1,123550000.0,X
4500000406,10,RM-GULA-001,"Gula Pasir Lokal (GKP), karung 50 kg",1100,6500.0,KG,16400.0,1,106600000.0,X
4500000407,10,RM-GULA-001,"Gula Pasir Lokal (GKP), karung 50 kg",1100,6500.0,KG,17700.0,1,115050000.0,X
4500000408,10,RM-GULA-001,"Gula Pasir Lokal (GKP), karung 50 kg",1100,4000.0,KG,16700.0,1,66800000.0,X
4500000409,10,RM-GULA-001,"Gula Pasir Lokal (GKP), karung 50 kg",1100,8000.0,KG,18050.0,1,144400000.0,X
4500000410,10,RM-GULA-001,"Gula Pasir Lokal (GKP), karung 50 kg",1100,6000.0,KG,16300.0,1,97800000.0,X
4500000411,10,RM-GULA-001,"Gula Pasir Lokal (GKP), karung 50 kg",1100,4000.0,KG,16600.0,1,66400000.0,X
4500000412,10,RM-GULA-001,"Gula Pasir Lokal (GKP), karung 50 kg",1100,4500.0,KG,17650.0,1,79425000.0,X
4500000413,10,RM-GULA-001,"Gula Pasir Lokal (GKP), karung 50 kg",1100,4000.0,KG,17250.0,1,69000000.0,X
4500000414,10,RM-GULA-001,"Gula Pasir Lokal (GKP), karung 50 kg",1100,7500.0,KG,17300.0,1,129750000.0,X
4500000415,10,RM-GULA-001,"Gula Pasir Lokal (GKP), karung 50 kg",1100,5000.0,KG,17350.0,1,86750000.0,X
4500000416,10,RM-GULA-001,"Gula Pasir Lokal (GKP), karung 50 kg",1100,8000.0,KG,18150.0,1,145200000.0,X
4500000417,10,RM-GULA-001,"Gula Pasir Lokal (GKP), karung 50 kg",1100,5500.0,KG,17450.0,1,95975000.0,X
4500000418,10,RM-GULA-001,"Gula Pasir Lokal (GKP), karung 50 kg",1100,6000.0,KG,16600.0,1,99600000.0,X
4500000419,10,RM-GULA-001,"Gula Pasir Lokal (GKP), karung 50 kg",1100,7000.0,KG,17550.0,1,122850000.0,X
4500000420,10,RM-GULA-001,"Gula Pasir Lokal (GKP), karung 50 kg",1100,7000.0,KG,18000.0,1,126000000.0,X
4500000421,10,RM-GULA-001,"Gula Pasir Lokal (GKP), karung 50 kg",1100,5000.0,KG,17150.0,1,85750000.0,X
4500000422,10,RM-GULA-001,"Gula Pasir Lokal (GKP), karung 50 kg",1100,8000.0,KG,17400.0,1,139200000.0,X
4500000423,10,RM-GULA-001,"Gula Pasir Lokal (GKP), karung 50 kg",1100,5500.0,KG,17700.0,1,97350000.0,X
4500000424,10,RM-GULA-001,"Gula Pasir Lokal (GKP), karung 50 kg",1100,7000.0,KG,17900.0,1,125300000.0,X
4500000425,10,RM-GULA-001,"Gula Pasir Lokal (GKP), karung 50 kg",1100,6000.0,KG,17200.0,1,103200000.0,X
4500000426,10,RM-GULA-001,"Gula Pasir Lokal (GKP), karung 50 kg",1100,5500.0,KG,16600.0,1,91300000.0,X
4500000427,10,RM-GULA-001,"Gula Pasir Lokal (GKP), karung 50 kg",1100,5000.0,KG,17450.0,1,87250000.0,X
4500000428,10,RM-GULA-001,"Gula Pasir Lokal (GKP), karung 50 kg",1100,7000.0,KG,17400.0,1,121800000.0,X
4500000429,10,RM-GULA-001,"Gula Pasir Lokal (GKP), karung 50 kg",1100,7000.0,KG,17900.0,1,125300000.0,X
4500000430,10,RM-GULA-001,"Gula Pasir Lokal (GKP), karung 50 kg",1100,6500.0,KG,17900.0,1,116350000.0,
4500000431,10,RM-GULA-001,"Gula Pasir Lokal (GKP), karung 50 kg",1100,10000.0,KG,17150.0,1,171500000.0,
4500000432,10,RM-GULA-001,"Gula Pasir Lokal (GKP), karung 50 kg",1100,8000.0,KG,17650.0,1,141200000.0,
4500000433,10,RM-GULA-001,"Gula Pasir Lokal (GKP), karung 50 kg",1100,12000.0,KG,17900.0,1,214800000.0,
4500000434,10,RM-GULA-001,"Gula Pasir Lokal (GKP), karung 50 kg",1100,3000.0,KG,16900.0,1,50700000.0,
