LIFNR,NAME1,ORT01,REGIO,LAND1,ERDAT,ZZPANEL
100101,PT Sinar Manis Lampung,Bandar Lampung,Lampung,ID,2020-01-01,X
100102,PT Kristal Prima Jaya,Jakarta Utara,DKI Jakarta,ID,2020-01-01,X
100103,CV Tebu Makmur Sejahtera,Surabaya,Jawa Timur,ID,2020-01-01,X
100104,PT Cepat Antar Pangan,Bekasi,Jawa Barat,ID,2020-01-01,X
100105,CV Gula Rakyat Nusantara,Kediri,Jawa Timur,ID,2020-01-01,X
100106,PT Distribusi Sentosa Abadi,Semarang,Jawa Tengah,ID,2020-01-01,X
100107,CV Mitra Karya Bersama,Tangerang,Banten,ID,2020-01-01,X
100108,PT Agro Niaga Utama,Cirebon,Jawa Barat,ID,2020-01-01,X
100109,PT Sumber Rasa Baru,Karawang,Jawa Barat,ID,2026-06-01,X
100110,UD Berkah Tani,Cianjur,Jawa Barat,ID,2020-01-01,X
100111,CV Harapan Manis Baru,Bogor,Jawa Barat,ID,2020-01-01,
