MATNR,LIFNR,QUOTE_DATE,NETPR,PEINH,WAERS,LEAD_DAYS,AVAILABLE_KG_NEXT_30D,VALID_TO
RM-GULA-001,100101,2026-09-30,17150.0,1,IDR,6,50000.0,2026-10-07
RM-GULA-001,100102,2026-09-30,18600.0,1,IDR,3,45500.0,2026-10-07
RM-GULA-001,100103,2026-09-30,17800.0,1,IDR,4,65500.0,2026-10-07
RM-GULA-001,100104,2026-09-30,18000.0,1,IDR,2,0.0,2026-10-07
RM-GULA-001,100105,2026-09-30,17400.0,1,IDR,5,35000.0,2026-10-07
RM-GULA-001,100106,2026-09-30,17550.0,1,IDR,4,41000.0,2026-10-07
RM-GULA-001,100107,2026-09-30,18100.0,1,IDR,4,22500.0,2026-10-07
RM-GULA-001,100108,2026-09-30,17750.0,1,IDR,4,37000.0,2026-10-07
RM-GULA-001,100109,2026-09-30,17500.0,1,IDR,3,7500.0,2026-10-07
RM-GULA-001,100110,2026-09-30,16900.0,1,IDR,5,6000.0,2026-10-07
