EBELN,EBELP,LIFNR,MATNR,BEDAT,EINDT,ORDER_MONTH,MENGE,LEAD_DAYS,NETPR,PRICE_VS_MARKET,RAINY_SEASON,LEBARAN_WINDOW,SUPPLIER_UTIL_30D,SUP_N_RECEIPTS_ALL,SUP_N_RECEIPTS_90D,SUP_LATE_RATE_90D,SUP_AVG_DELAY_90D,LATE,DELAY_DAYS,SPLIT
4500000001,10,100104,RM-GULA-001,2024-10-01,2024-10-03,10,7000.0,2,16600.0,1.0091,0,0,0.389,0,0,,,1.0,2.0,train
4500000002,10,100101,RM-GULA-001,2024-10-03,2024-10-09,10,6000.0,6,16000.0,0.9697,0,0,0.1,0,0,,,1.0,2.0,train
4500000003,10,100101,RM-GULA-001,2024-10-04,2024-10-10,10,5500.0,6,15700.0,0.9515,0,0,0.192,0,0,,,0.0,-1.0,train
4500000004,10,100108,RM-GULA-001,2024-10-07,2024-10-11,10,6000.0,4,16750.0,1.0152,0,0,0.133,0,0,,,0.0,0.0,train
4500000005,10,100106,RM-GULA-001,2024-10-09,2024-10-13,10,3000.0,4,16400.0,0.9909,0,0,0.067,0,0,,,0.0,0.0,train
4500000006,10,100104,RM-GULA-001,2024-10-10,2024-10-12,10,3500.0,2,16850.0,1.0181,0,0,0.583,1,1,1.0,2.0,0.0,0.0,train
4500000007,10,100102,RM-GULA-001,2024-10-11,2024-10-14,10,3000.0,3,17300.0,1.0453,0,0,0.06,0,0,,,0.0,0.0,train
4500000008,10,100106,RM-GULA-001,2024-10-14,2024-10-18,10,6000.0,4,16450.0,0.994,0,0,0.2,1,1,0.0,0.0,0.0,-1.0,train
4500000009,10,100110,RM-GULA-001,2024-10-15,2024-10-20,10,4500.0,5,16100.0,0.9728,0,0,0.375,0,0,,,0.0,0.0,train
4500000010,10,100110,RM-GULA-001,2024-10-17,2024-10-22,10,5500.0,5,16350.0,0.9909,0,0,0.833,0,0,,,0.0,-1.0,train
4500000011,10,100108,RM-GULA-001,2024-10-18,2024-10-22,10,4500.0,4,16450.0,0.997,0,0,0.233,1,1,0.0,0.0,0.0,0.0,train
4500000012,10,100108,RM-GULA-001,2024-10-21,2024-10-25,10,4000.0,4,16600.0,1.0061,0,0,0.322,1,1,0.0,0.0,0.0,0.0,train
4500000013,10,100102,RM-GULA-001,2024-10-23,2024-10-26,10,6500.0,3,17450.0,1.0576,0,0,0.19,1,1,0.0,0.0,0.0,0.0,train
4500000014,10,100106,RM-GULA-001,2024-10-24,2024-10-28,10,8000.0,4,16800.0,1.0151,0,0,0.378,2,2,0.0,0.0,0.0,0.0,train
4500000015,10,100101,RM-GULA-001,2024-10-26,2024-11-01,10,6500.0,6,15650.0,0.9456,1,0,0.3,2,2,0.5,1.0,1.0,4.0,train
4500000016,10,100110,RM-GULA-001,2024-10-28,2024-11-02,10,7000.0,5,15900.0,0.9607,1,0,1.417,2,2,0.0,0.0,0.0,0.0,train
4500000017,10,100101,RM-GULA-001,2024-10-30,2024-11-05,10,6500.0,6,15550.0,0.9396,1,0,0.408,2,2,0.5,1.0,1.0,2.0,train
4500000018,10,100105,RM-GULA-001,2024-11-01,2024-11-06,11,7000.0,5,16150.0,0.9788,1,0,0.175,0,0,,,1.0,2.0,train
4500000019,10,100110,RM-GULA-001,2024-11-04,2024-11-09,11,5000.0,5,15800.0,0.9576,1,0,1.833,3,3,0.0,0.0,1.0,1.0,train
4500000020,10,100105,RM-GULA-001,2024-11-05,2024-11-10,11,5500.0,5,16300.0,0.9879,1,0,0.312,0,0,,,0.0,0.0,train
4500000021,10,100107,RM-GULA-001,2024-11-06,2024-11-10,11,4500.0,4,17150.0,1.0394,1,0,0.129,0,0,,,0.0,0.0,train
4500000022,10,100107,RM-GULA-001,2024-11-08,2024-11-12,11,5000.0,4,17050.0,1.0333,1,0,0.271,0,0,,,1.0,2.0,train
4500000023,10,100101,RM-GULA-001,2024-11-11,2024-11-17,11,3500.0,6,16050.0,0.9727,1,0,0.275,4,4,0.75,2.0,0.0,-1.0,train
4500000024,10,100101,RM-GULA-001,2024-11-13,2024-11-19,11,3000.0,6,15750.0,0.9545,1,0,0.325,4,4,0.75,2.0,0.0,0.0,train
4500000025,10,100106,RM-GULA-001,2024-11-15,2024-11-19,11,6000.0,4,16650.0,1.0091,1,0,0.311,3,3,0.0,0.0,0.0,0.0,train
4500000026,10,100110,RM-GULA-001,2024-11-18,2024-11-23,11,3000.0,5,15750.0,0.9545,1,0,1.25,4,4,0.25,0.25,0.0,0.0,train
4500000027,10,100106,RM-GULA-001,2024-11-20,2024-11-24,11,6500.0,4,16450.0,0.997,1,0,0.456,4,4,0.0,0.0,0.0,-1.0,train
4500000028,10,100101,RM-GULA-001,2024-11-22,2024-11-28,11,5500.0,6,15600.0,0.9455,1,0,0.417,6,6,0.5,1.33,0.0,0.0,train
4500000029,10,100106,RM-GULA-001,2024-11-23,2024-11-27,11,6000.0,4,16650.0,1.0091,1,0,0.411,4,4,0.0,0.0,0.0,0.0,train
4500000030,10,100103,RM-GULA-001,2024-11-25,2024-11-29,11,5000.0,4,16500.0,1.0,1,0,0.056,0,0,,,0.0,0.0,train
4500000031,10,100106,RM-GULA-001,2024-11-27,2024-12-01,11,3500.0,4,16550.0,1.003,1,0,0.489,5,5,0.0,0.0,0.0,0.0,train
4500000032,10,100107,RM-GULA-001,2024-11-29,2024-12-03,11,6000.0,4,17200.0,1.0393,1,0,0.443,2,2,0.5,1.0,1.0,8.0,train
4500000033,10,100101,RM-GULA-001,2024-11-30,2024-12-06,11,4500.0,6,15750.0,0.9517,1,0,0.275,7,7,0.429,1.14,1.0,1.0,train
4500000034,10,100101,RM-GULA-001,2024-12-02,2024-12-08,12,6500.0,6,15350.0,0.9275,1,0,0.383,7,7,0.429,1.14,1.0,9.0,train
4500000035,10,100105,RM-GULA-001,2024-12-03,2024-12-08,12,5000.0,5,16400.0,0.9909,1,0,0.262,2,2,0.5,1.0,0.0,0.0,train
4500000036,10,100107,RM-GULA-001,2024-12-05,2024-12-09,12,6500.0,4,17250.0,1.0423,1,0,0.629,2,2,0.5,1.0,0.0,0.0,train
4500000037,10,100110,RM-GULA-001,2024-12-07,2024-12-12,12,7500.0,5,16100.0,0.9728,1,0,0.875,5,5,0.2,0.2,0.0,0.0,train
4500000038,10,100110,RM-GULA-001,2024-12-09,2024-12-14,12,6000.0,5,15550.0,0.9396,1,0,1.375,5,5,0.2,0.2,1.0,6.0,train
4500000039,10,100108,RM-GULA-001,2024-12-11,2024-12-15,12,7000.0,4,16350.0,0.9879,1,0,0.156,3,3,0.0,0.0,0.0,0.0,train
4500000040,10,100108,RM-GULA-001,2024-12-12,2024-12-16,12,5000.0,4,16700.0,1.0091,1,0,0.267,3,3,0.0,0.0,0.0,0.0,train
4500000041,10,100105,RM-GULA-001,2024-12-14,2024-12-19,12,7500.0,5,16200.0,0.9789,1,0,0.312,3,3,0.333,0.67,1.0,2.0,train
4500000042,10,100110,RM-GULA-001,2024-12-16,2024-12-21,12,7500.0,5,16300.0,0.9849,1,0,2.0,6,6,0.167,0.17,1.0,2.0,train
4500000043,10,100103,RM-GULA-001,2024-12-18,2024-12-22,12,3000.0,4,16550.0,1.0,1,0,0.089,1,1,0.0,0.0,1.0,2.0,train
4500000044,10,100105,RM-GULA-001,2024-12-19,2024-12-24,12,7500.0,5,16450.0,0.988,1,0,0.5,3,3,0.333,0.67,1.0,3.0,train
4500000045,10,100101,RM-GULA-001,2024-12-20,2024-12-26,12,3500.0,6,15900.0,0.955,1,0,0.333,9,9,0.556,2.0,0.0,0.0,train
4500000046,10,100101,RM-GULA-001,2024-12-21,2024-12-27,12,5000.0,6,15800.0,0.9489,1,0,0.417,9,9,0.556,2.0,0.0,0.0,train
4500000047,10,100104,RM-GULA-001,2024-12-23,2024-12-25,12,4500.0,2,17150.0,1.03,1,0,0.25,2,2,0.5,1.0,1.0,1.0,train
4500000048,10,100106,RM-GULA-001,2024-12-25,2024-12-29,12,6500.0,4,16400.0,0.985,1,0,0.222,7,7,0.0,0.0,0.0,0.0,train
4500000049,10,100103,RM-GULA-001,2024-12-27,2024-12-31,12,3500.0,4,16850.0,1.009,1,0,0.072,2,2,0.5,1.0,0.0,0.0,train
4500000050,10,100104,RM-GULA-001,2024-12-30,2025-01-01,12,3500.0,2,16900.0,1.012,1,0,0.444,3,3,0.667,1.0,0.0,-1.0,train
4500000051,10,100110,RM-GULA-001,2025-01-01,2025-01-06,1,6500.0,5,16300.0,0.979,1,0,2.292,8,8,0.375,1.12,1.0,1.0,train
4500000052,10,100104,RM-GULA-001,2025-01-02,2025-01-04,1,7000.0,2,17300.0,1.039,1,0,0.833,4,4,0.5,0.75,0.0,0.0,train
4500000053,10,100107,RM-GULA-001,2025-01-04,2025-01-08,1,8000.0,4,17100.0,1.027,1,0,0.229,4,4,0.5,2.5,0.0,0.0,train
4500000054,10,100105,RM-GULA-001,2025-01-06,2025-01-11,1,5000.0,5,16400.0,0.985,1,0,0.5,5,5,0.6,1.4,1.0,1.0,train
4500000055,10,100104,RM-GULA-001,2025-01-07,2025-01-09,1,7000.0,2,17450.0,1.048,1,0,1.222,5,4,0.25,0.25,0.0,0.0,train
4500000056,10,100108,RM-GULA-001,2025-01-08,2025-01-12,1,6000.0,4,16550.0,0.994,1,0,0.4,5,5,0.0,0.0,0.0,0.0,train
4500000057,10,100103,RM-GULA-001,2025-01-10,2025-01-14,1,5500.0,4,17050.0,1.0119,1,0,0.133,3,3,0.333,0.67,0.0,0.0,train
4500000058,10,100106,RM-GULA-001,2025-01-11,2025-01-15,1,5500.0,4,16800.0,0.997,1,0,0.267,8,8,0.0,0.0,0.0,0.0,train
4500000059,10,100108,RM-GULA-001,2025-01-13,2025-01-17,1,6000.0,4,16850.0,1.0,1,0,0.267,6,5,0.0,0.0,0.0,0.0,train
4500000060,10,100101,RM-GULA-001,2025-01-15,2025-01-21,1,3000.0,6,16250.0,0.9644,1,0,0.192,11,9,0.444,1.78,1.0,3.0,train
4500000061,10,100101,RM-GULA-001,2025-01-17,2025-01-23,1,3500.0,6,16300.0,0.9588,1,0,0.25,11,9,0.444,1.78,1.0,9.0,train
4500000062,10,100106,RM-GULA-001,2025-01-20,2025-01-24,1,7000.0,4,17050.0,1.0029,1,0,0.422,9,7,0.0,0.0,1.0,2.0,train
4500000063,10,100103,RM-GULA-001,2025-01-21,2025-01-25,1,6000.0,4,17000.0,1.0,1,0,0.167,4,4,0.25,0.5,0.0,0.0,train
4500000064,10,100105,RM-GULA-001,2025-01-23,2025-01-28,1,3500.0,5,16950.0,0.9941,1,0,0.212,6,6,0.667,1.33,0.0,0.0,train
4500000065,10,100103,RM-GULA-001,2025-01-25,2025-01-29,1,6500.0,4,17350.0,1.0176,1,0,0.239,4,4,0.25,0.5,0.0,0.0,train
4500000066,10,100106,RM-GULA-001,2025-01-27,2025-01-31,1,7000.0,4,17100.0,1.0029,1,0,0.433,10,7,0.143,0.29,0.0,0.0,train
4500000067,10,100108,RM-GULA-001,2025-01-29,2025-02-02,1,4500.0,4,17050.0,1.0,1,0,0.367,7,4,0.0,0.0,0.0,0.0,train
4500000068,10,100106,RM-GULA-001,2025-01-30,2025-02-03,1,6000.0,4,17150.0,1.0029,1,0,0.567,10,7,0.143,0.29,0.0,0.0,train
4500000069,10,100108,RM-GULA-001,2025-01-31,2025-02-04,1,4000.0,4,17000.0,0.9942,1,0,0.456,7,4,0.0,0.0,0.0,0.0,train
4500000070,10,100108,RM-GULA-001,2025-02-01,2025-02-05,2,4000.0,4,17250.0,1.0088,1,0,0.544,7,4,0.0,0.0,1.0,2.0,train
4500000071,10,100105,RM-GULA-001,2025-02-03,2025-02-08,2,6000.0,5,17100.0,1.0,1,0,0.362,7,7,0.571,1.14,0.0,-1.0,train
4500000072,10,100101,RM-GULA-001,2025-02-05,2025-02-11,2,6000.0,6,16550.0,0.9678,1,0,0.208,13,10,0.5,2.4,0.0,0.0,train
4500000073,10,100110,RM-GULA-001,2025-02-07,2025-02-12,2,3000.0,5,16600.0,0.9708,1,0,0.25,9,6,0.667,1.67,1.0,1.0,train
4500000074,10,100101,RM-GULA-001,2025-02-10,2025-02-16,2,7000.0,6,16450.0,0.962,1,0,0.325,13,9,0.444,2.44,0.0,0.0,train
4500000075,10,100103,RM-GULA-001,2025-02-11,2025-02-15,2,5000.0,4,17150.0,1.0029,1,0,0.194,6,6,0.167,0.33,0.0,0.0,train
4500000076,10,100107,RM-GULA-001,2025-02-12,2025-02-16,2,3500.0,4,17300.0,1.0117,1,0,0.1,5,4,0.5,2.5,0.0,0.0,train
4500000077,10,100110,RM-GULA-001,2025-02-14,2025-02-19,2,5500.0,5,16900.0,0.9854,1,0,0.708,10,6,0.667,1.67,0.0,0.0,train
4500000078,10,100102,RM-GULA-001,2025-02-15,2025-02-18,2,6500.0,3,18400.0,1.0729,1,0,0.13,2,0,,,0.0,0.0,train
4500000079,10,100102,RM-GULA-001,2025-02-17,2025-02-20,2,4500.0,3,18200.0,1.0612,1,0,0.22,2,0,,,0.0,0.0,train
4500000080,10,100106,RM-GULA-001,2025-02-19,2025-02-23,2,5500.0,4,17250.0,1.0058,1,0,0.411,12,8,0.125,0.25,1.0,2.0,train
4500000081,10,100105,RM-GULA-001,2025-02-20,2025-02-25,2,4000.0,5,16800.0,0.9796,1,0,0.338,8,6,0.5,1.0,0.0,0.0,train
4500000082,10,100102,RM-GULA-001,2025-02-21,2025-02-24,2,7000.0,3,18000.0,1.0496,1,0,0.36,4,2,0.0,0.0,0.0,0.0,train
4500000083,10,100107,RM-GULA-001,2025-02-24,2025-02-28,2,8000.0,4,17600.0,1.0262,1,0,0.329,6,4,0.25,2.0,0.0,-1.0,train
4500000084,10,100101,RM-GULA-001,2025-02-25,2025-03-03,2,5000.0,6,16050.0,0.9359,1,0,0.3,15,9,0.444,2.44,1.0,7.0,train
4500000085,10,100104,RM-GULA-001,2025-02-27,2025-03-01,2,5500.0,2,18050.0,1.0434,1,0,0.306,6,4,0.25,0.25,0.0,0.0,train
4500000086,10,100102,RM-GULA-001,2025-03-01,2025-03-04,3,6000.0,3,18150.0,1.0491,1,0,0.48,5,3,0.0,0.0,0.0,-1.0,train
4500000087,10,100106,RM-GULA-001,2025-03-03,2025-03-07,3,5000.0,4,17250.0,0.9971,1,0,0.233,13,6,0.333,0.67,1.0,7.0,train
4500000088,10,100102,RM-GULA-001,2025-03-04,2025-03-07,3,5500.0,3,18200.0,1.052,1,0,0.59,6,4,0.0,0.0,1.0,6.0,train
4500000089,10,100101,RM-GULA-001,2025-03-05,2025-03-11,3,6000.0,6,16650.0,0.9624,1,0,0.4,15,8,0.5,2.75,0.0,0.0,train
4500000090,10,100103,RM-GULA-001,2025-03-06,2025-03-10,3,6000.0,4,17550.0,1.0145,1,0,0.122,7,6,0.167,0.33,0.0,-1.0,train
4500000091,10,100101,RM-GULA-001,2025-03-07,2025-03-13,3,6000.0,6,16650.0,0.9624,1,0,0.4,15,8,0.5,2.75,0.0,0.0,train
4500000092,10,100101,RM-GULA-001,2025-03-10,2025-03-16,3,6500.0,6,16550.0,0.9566,1,0,0.508,15,7,0.429,3.0,0.0,-1.0,train
4500000093,10,100107,RM-GULA-001,2025-03-12,2025-03-16,3,5500.0,4,18000.0,1.0405,1,0,0.486,7,3,0.0,0.0,0.0,0.0,train
4500000094,10,100103,RM-GULA-001,2025-03-13,2025-03-17,3,5000.0,4,17550.0,1.0145,1,0,0.122,8,7,0.143,0.29,0.0,0.0,train
4500000095,10,100107,RM-GULA-001,2025-03-15,2025-03-19,3,5000.0,4,17950.0,1.0376,1,0,0.529,7,3,0.0,0.0,1.0,2.0,train
4500000096,10,100103,RM-GULA-001,2025-03-17,2025-03-21,3,5000.0,4,17550.0,1.0145,1,1,0.178,8,7,0.143,0.29,0.0,0.0,train
4500000097,10,100104,RM-GULA-001,2025-03-18,2025-03-20,3,5500.0,2,17600.0,1.0173,1,0,0.611,7,5,0.2,0.2,0.0,0.0,train
4500000098,10,100110,RM-GULA-001,2025-03-19,2025-03-24,3,6000.0,5,16800.0,0.9711,1,1,0.5,11,5,0.8,2.0,0.0,0.0,train
4500000099,10,100101,RM-GULA-001,2025-03-21,2025-03-27,3,7000.0,6,16850.0,0.9712,1,1,0.508,19,10,0.3,1.9,0.0,0.0,train
4500000100,10,100104,RM-GULA-001,2025-03-24,2025-03-26,3,4000.0,2,17900.0,1.0317,1,1,0.833,8,6,0.167,0.17,0.0,-1.0,train
4500000101,10,100110,RM-GULA-001,2025-03-25,2025-03-30,3,5000.0,5,16700.0,0.9625,1,1,0.917,12,4,0.5,0.5,0.0,0.0,train
4500000102,10,100106,RM-GULA-001,2025-03-27,2025-03-31,3,4500.0,4,17350.0,1.0,1,1,0.211,14,7,0.429,1.57,0.0,0.0,train
4500000103,10,100107,RM-GULA-001,2025-03-29,2025-04-02,3,7000.0,4,17800.0,1.0289,0,1,0.5,9,5,0.2,0.4,1.0,6.0,train
4500000104,10,100101,RM-GULA-001,2025-03-31,2025-04-06,3,3000.0,6,16550.0,0.9566,0,1,0.475,20,9,0.333,2.11,0.0,0.0,train
4500000105,10,100101,RM-GULA-001,2025-04-02,2025-04-08,4,5000.0,6,16500.0,0.951,0,0,0.558,20,9,0.333,2.11,1.0,2.0,train
4500000106,10,100105,RM-GULA-001,2025-04-03,2025-04-08,4,6500.0,5,16800.0,0.9683,0,0,0.162,9,4,0.25,0.25,0.0,0.0,train
4500000107,10,100110,RM-GULA-001,2025-04-05,2025-04-10,4,8000.0,5,16950.0,0.9769,0,0,1.583,13,5,0.4,0.4,0.0,0.0,train
4500000108,10,100108,RM-GULA-001,2025-04-07,2025-04-11,4,4000.0,4,17450.0,1.0058,0,0,0.089,10,5,0.2,0.4,0.0,0.0,train
4500000109,10,100110,RM-GULA-001,2025-04-08,2025-04-13,4,3000.0,5,16900.0,0.9741,0,0,1.833,13,4,0.25,0.25,0.0,0.0,train
4500000110,10,100106,RM-GULA-001,2025-04-10,2025-04-14,4,5000.0,4,17100.0,0.9828,0,0,0.211,15,7,0.429,1.57,0.0,0.0,train
4500000111,10,100104,RM-GULA-001,2025-04-12,2025-04-14,4,6500.0,2,17500.0,1.0057,0,0,0.889,9,3,0.0,0.0,0.0,0.0,train
4500000112,10,100106,RM-GULA-001,2025-04-14,2025-04-18,4,5000.0,4,17300.0,0.9943,0,0,0.322,15,7,0.429,1.57,0.0,0.0,train
4500000113,10,100101,RM-GULA-001,2025-04-16,2025-04-22,4,5500.0,6,16650.0,0.9569,0,0,0.342,22,11,0.364,1.91,1.0,4.0,train
4500000114,10,100106,RM-GULA-001,2025-04-17,2025-04-21,4,5000.0,4,17250.0,0.9914,0,0,0.433,16,7,0.429,1.57,0.0,0.0,train
4500000115,10,100106,RM-GULA-001,2025-04-18,2025-04-22,4,4000.0,4,17600.0,1.0115,0,0,0.522,16,7,0.429,1.57,0.0,-1.0,train
4500000116,10,100105,RM-GULA-001,2025-04-21,2025-04-26,4,5000.0,5,16800.0,0.9655,0,0,0.288,10,4,0.0,0.0,0.0,-1.0,train
4500000117,10,100105,RM-GULA-001,2025-04-23,2025-04-28,4,3500.0,5,17100.0,0.9828,0,0,0.375,10,4,0.0,0.0,0.0,0.0,train
4500000118,10,100110,RM-GULA-001,2025-04-25,2025-04-30,4,4500.0,5,16450.0,0.9454,0,0,1.292,15,6,0.167,0.17,0.0,0.0,train
4500000119,10,100106,RM-GULA-001,2025-04-26,2025-04-30,4,5000.0,4,17200.0,0.9885,0,0,0.533,19,10,0.3,1.1,0.0,0.0,train
4500000120,10,100102,RM-GULA-001,2025-04-28,2025-05-01,4,4000.0,3,18500.0,1.0632,0,0,0.08,7,5,0.2,1.2,0.0,-1.0,train
4500000121,10,100101,RM-GULA-001,2025-04-30,2025-05-06,4,6000.0,6,16650.0,0.9569,0,0,0.275,23,11,0.364,2.0,0.0,0.0,train
4500000122,10,100103,RM-GULA-001,2025-05-02,2025-05-06,5,7000.0,4,17400.0,1.0029,0,0,0.078,10,4,0.0,0.0,0.0,0.0,train
4500000123,10,100103,RM-GULA-001,2025-05-03,2025-05-07,5,6500.0,4,17250.0,0.9942,0,0,0.15,10,4,0.0,0.0,0.0,0.0,train
4500000124,10,100110,RM-GULA-001,2025-05-05,2025-05-10,5,4000.0,5,16800.0,0.9683,0,0,0.958,16,7,0.143,0.14,0.0,-1.0,train
4500000125,10,100105,RM-GULA-001,2025-05-07,2025-05-12,5,6000.0,5,16800.0,0.9683,0,0,0.362,12,5,0.0,0.0,0.0,0.0,train
4500000126,10,100103,RM-GULA-001,2025-05-08,2025-05-12,5,6000.0,4,17400.0,1.0058,0,0,0.217,12,6,0.0,0.0,1.0,2.0,train
4500000127,10,100106,RM-GULA-001,2025-05-10,2025-05-14,5,6500.0,4,17000.0,0.9827,0,0,0.567,20,8,0.25,1.12,1.0,3.0,train
4500000128,10,100105,RM-GULA-001,2025-05-12,2025-05-17,5,4500.0,5,17200.0,0.9942,0,0,0.475,12,4,0.0,0.0,0.0,-1.0,train
4500000129,10,100101,RM-GULA-001,2025-05-14,2025-05-20,5,5500.0,6,16650.0,0.9624,0,0,0.283,24,10,0.3,1.3,1.0,8.0,train
4500000130,10,100105,RM-GULA-001,2025-05-16,2025-05-21,5,3000.0,5,16700.0,0.9709,0,0,0.55,13,5,0.0,0.0,0.0,0.0,train
4500000131,10,100103,RM-GULA-001,2025-05-17,2025-05-21,5,5500.0,4,17450.0,1.0145,0,0,0.278,13,6,0.167,0.33,0.0,0.0,train
4500000132,10,100103,RM-GULA-001,2025-05-19,2025-05-23,5,5000.0,4,17300.0,1.0058,0,0,0.333,13,6,0.167,0.33,0.0,0.0,train
4500000133,10,100108,RM-GULA-001,2025-05-20,2025-05-24,5,7500.0,4,17800.0,1.0349,0,0,0.167,11,1,0.0,0.0,1.0,1.0,train
4500000134,10,100101,RM-GULA-001,2025-05-21,2025-05-27,5,7000.0,6,16550.0,0.9622,0,0,0.308,24,9,0.333,1.44,0.0,-1.0,train
4500000135,10,100110,RM-GULA-001,2025-05-22,2025-05-27,5,4000.0,5,16950.0,0.9912,0,0,1.042,17,6,0.0,0.0,0.0,0.0,train
4500000136,10,100110,RM-GULA-001,2025-05-23,2025-05-28,5,5000.0,5,16250.0,0.9503,0,0,1.458,17,6,0.0,0.0,0.0,0.0,train
4500000137,10,100105,RM-GULA-001,2025-05-26,2025-05-31,5,7000.0,5,16900.0,0.9883,0,0,0.512,15,7,0.0,0.0,0.0,0.0,train
4500000138,10,100108,RM-GULA-001,2025-05-28,2025-06-01,5,8000.0,4,17100.0,1.0,0,0,0.344,12,2,0.5,0.5,1.0,2.0,train
4500000139,10,100108,RM-GULA-001,2025-05-29,2025-06-02,5,3500.0,4,17050.0,0.9971,0,0,0.422,12,2,0.5,0.5,0.0,0.0,train
4500000140,10,100101,RM-GULA-001,2025-05-30,2025-06-05,5,6500.0,6,16250.0,0.9503,0,0,0.317,26,11,0.364,1.91,0.0,0.0,train
4500000141,10,100110,RM-GULA-001,2025-06-02,2025-06-07,6,8000.0,5,16350.0,0.9561,0,0,1.75,19,8,0.0,0.0,0.0,0.0,train
4500000142,10,100106,RM-GULA-001,2025-06-03,2025-06-07,6,5500.0,4,17100.0,1.0,0,0,0.267,21,8,0.25,1.25,0.0,0.0,train
4500000143,10,100110,RM-GULA-001,2025-06-04,2025-06-09,6,5000.0,5,16800.0,0.9825,0,0,1.833,19,8,0.0,0.0,0.0,0.0,train
4500000144,10,100108,RM-GULA-001,2025-06-05,2025-06-09,6,7500.0,4,17200.0,1.0058,0,0,0.589,14,4,0.5,0.75,0.0,0.0,train
4500000145,10,100107,RM-GULA-001,2025-06-07,2025-06-11,6,7500.0,4,17800.0,1.0409,0,0,0.214,10,3,0.667,2.67,0.0,-1.0,train
4500000146,10,100101,RM-GULA-001,2025-06-09,2025-06-15,6,7500.0,6,16250.0,0.9503,0,0,0.442,27,11,0.273,1.27,1.0,2.0,train
4500000147,10,100104,RM-GULA-001,2025-06-10,2025-06-12,6,4500.0,2,17700.0,1.0351,0,0,0.25,10,3,0.0,0.0,0.0,0.0,train
4500000148,10,100106,RM-GULA-001,2025-06-12,2025-06-16,6,7500.0,4,16500.0,0.9706,0,0,0.289,22,9,0.222,1.11,0.0,0.0,train
4500000149,10,100107,RM-GULA-001,2025-06-14,2025-06-18,6,5000.0,4,17850.0,1.05,0,0,0.357,11,4,0.5,2.0,0.0,0.0,train
4500000150,10,100110,RM-GULA-001,2025-06-16,2025-06-21,6,5000.0,5,16600.0,0.9765,0,0,2.25,21,10,0.0,0.0,1.0,4.0,train
4500000151,10,100101,RM-GULA-001,2025-06-17,2025-06-23,6,5000.0,6,16250.0,0.9559,0,0,0.433,27,8,0.375,1.75,1.0,1.0,train
4500000152,10,100110,RM-GULA-001,2025-06-18,2025-06-23,6,8000.0,5,16800.0,0.9882,0,0,2.917,21,10,0.0,0.0,1.0,8.0,train
4500000153,10,100110,RM-GULA-001,2025-06-19,2025-06-24,6,8000.0,5,16300.0,0.9617,0,0,3.583,21,10,0.0,0.0,1.0,1.0,train
4500000154,10,100110,RM-GULA-001,2025-06-21,2025-06-26,6,3000.0,5,16700.0,0.9853,0,0,3.5,21,10,0.0,0.0,1.0,4.0,train
4500000155,10,100101,RM-GULA-001,2025-06-23,2025-06-29,6,6000.0,6,16200.0,0.9558,0,0,0.417,28,9,0.444,1.78,0.0,0.0,train
4500000156,10,100108,RM-GULA-001,2025-06-25,2025-06-29,6,3000.0,4,16950.0,1.0,0,0,0.489,15,5,0.4,0.6,0.0,0.0,train
4500000157,10,100108,RM-GULA-001,2025-06-27,2025-07-01,6,3500.0,4,16750.0,0.9941,0,0,0.389,15,5,0.4,0.6,0.0,-1.0,train
4500000158,10,100101,RM-GULA-001,2025-06-30,2025-07-06,6,6000.0,6,16250.0,0.9644,0,0,0.408,30,10,0.5,1.7,1.0,7.0,train
4500000159,10,100106,RM-GULA-001,2025-07-02,2025-07-06,7,3500.0,4,16700.0,0.9911,0,0,0.367,23,8,0.125,0.38,1.0,4.0,train
4500000160,10,100104,RM-GULA-001,2025-07-04,2025-07-06,7,7500.0,2,17350.0,1.0327,0,0,0.667,11,2,0.0,0.0,0.0,0.0,train
4500000161,10,100103,RM-GULA-001,2025-07-05,2025-07-09,7,3500.0,4,17150.0,1.0208,0,0,0.039,15,5,0.2,0.4,0.0,-1.0,train
4500000162,10,100107,RM-GULA-001,2025-07-07,2025-07-11,7,6500.0,4,17450.0,1.0387,0,0,0.329,12,3,0.333,2.0,1.0,3.0,train
4500000163,10,100107,RM-GULA-001,2025-07-09,2025-07-13,7,3000.0,4,17300.0,1.0298,0,0,0.414,12,2,0.0,0.0,1.0,3.0,train
4500000164,10,100107,RM-GULA-001,2025-07-11,2025-07-15,7,3000.0,4,17200.0,1.0299,0,0,0.5,12,2,0.0,0.0,1.0,2.0,train
4500000165,10,100106,RM-GULA-001,2025-07-12,2025-07-16,7,4000.0,4,17000.0,1.018,0,0,0.167,24,9,0.222,0.78,0.0,0.0,train
4500000166,10,100108,RM-GULA-001,2025-07-14,2025-07-18,7,7500.0,4,17000.0,1.018,0,0,0.311,17,6,0.333,0.5,0.0,0.0,train
4500000167,10,100110,RM-GULA-001,2025-07-16,2025-07-21,7,7500.0,5,16100.0,0.9641,0,0,2.208,25,10,0.4,1.7,0.0,0.0,train
4500000168,10,100106,RM-GULA-001,2025-07-17,2025-07-21,7,6000.0,4,16600.0,0.997,0,0,0.3,25,9,0.222,0.78,0.0,0.0,train
4500000169,10,100108,RM-GULA-001,2025-07-18,2025-07-22,7,5500.0,4,16650.0,1.0,0,0,0.433,17,6,0.333,0.5,0.0,0.0,train
4500000170,10,100106,RM-GULA-001,2025-07-19,2025-07-23,7,3000.0,4,16600.0,0.997,0,0,0.367,25,8,0.25,0.88,0.0,0.0,train
4500000171,10,100110,RM-GULA-001,2025-07-21,2025-07-26,7,7500.0,5,16250.0,0.976,0,0,1.25,25,10,0.4,1.7,0.0,0.0,train
4500000172,10,100103,RM-GULA-001,2025-07-23,2025-07-27,7,4000.0,4,16750.0,1.006,0,0,0.083,16,6,0.167,0.33,0.0,0.0,train
4500000173,10,100102,RM-GULA-001,2025-07-25,2025-07-28,7,3500.0,3,17700.0,1.0695,0,0,0.07,8,1,0.0,0.0,0.0,0.0,train
4500000174,10,100106,RM-GULA-001,2025-07-28,2025-08-01,7,7000.0,4,16800.0,1.0151,0,0,0.522,27,8,0.25,0.88,0.0,0.0,train
4500000175,10,100104,RM-GULA-001,2025-07-30,2025-08-01,7,8000.0,2,16550.0,1.0,0,0,0.861,12,2,0.0,0.0,0.0,0.0,train
4500000176,10,100105,RM-GULA-001,2025-08-01,2025-08-06,8,5500.0,5,15950.0,0.9637,0,0,0.138,16,4,0.0,0.0,0.0,0.0,train
4500000177,10,100101,RM-GULA-001,2025-08-04,2025-08-10,8,7500.0,6,15800.0,0.9547,0,0,0.125,31,8,0.5,2.25,0.0,0.0,train
4500000178,10,100110,RM-GULA-001,2025-08-06,2025-08-11,8,7000.0,5,15850.0,0.9577,0,0,1.833,27,11,0.364,1.55,1.0,6.0,train
4500000179,10,100105,RM-GULA-001,2025-08-07,2025-08-12,8,5000.0,5,16250.0,0.9819,0,0,0.262,17,5,0.0,0.0,0.0,0.0,train
4500000180,10,100110,RM-GULA-001,2025-08-08,2025-08-13,8,5500.0,5,16100.0,0.9728,0,0,2.292,27,10,0.4,1.7,1.0,3.0,train
4500000181,10,100103,RM-GULA-001,2025-08-11,2025-08-15,8,3500.0,4,16550.0,1.0,0,0,0.083,17,5,0.2,0.4,0.0,0.0,train
4500000182,10,100110,RM-GULA-001,2025-08-12,2025-08-17,8,6000.0,5,16100.0,0.9728,0,0,2.792,27,10,0.4,1.7,1.0,12.0,train
4500000183,10,100106,RM-GULA-001,2025-08-14,2025-08-18,8,6000.0,4,16450.0,0.997,0,0,0.489,28,8,0.25,0.88,1.0,2.0,train
4500000184,10,100104,RM-GULA-001,2025-08-15,2025-08-17,8,6500.0,2,16800.0,1.0182,0,0,0.806,13,3,0.0,0.0,0.0,-1.0,train
4500000185,10,100108,RM-GULA-001,2025-08-16,2025-08-20,8,4000.0,4,16600.0,1.0061,0,0,0.211,19,8,0.25,0.38,0.0,0.0,train
4500000186,10,100103,RM-GULA-001,2025-08-18,2025-08-22,8,3500.0,4,16550.0,1.003,0,0,0.122,18,5,0.0,0.0,0.0,0.0,train
4500000187,10,100101,RM-GULA-001,2025-08-20,2025-08-26,8,3500.0,6,16050.0,0.9727,0,0,0.183,32,8,0.5,2.25,0.0,-1.0,train
4500000188,10,100106,RM-GULA-001,2025-08-21,2025-08-25,8,3500.0,4,16600.0,1.0091,0,0,0.367,29,8,0.25,0.75,1.0,4.0,train
4500000189,10,100110,RM-GULA-001,2025-08-22,2025-08-27,8,6000.0,5,16200.0,0.9848,0,0,2.042,29,12,0.5,2.17,0.0,0.0,train
4500000190,10,100108,RM-GULA-001,2025-08-23,2025-08-27,8,5000.0,4,16300.0,0.9909,0,0,0.2,20,9,0.222,0.33,0.0,0.0,train
4500000191,10,100107,RM-GULA-001,2025-08-25,2025-08-29,8,6500.0,4,17050.0,1.0365,0,0,0.186,15,5,0.6,1.6,1.0,8.0,train
4500000192,10,100101,RM-GULA-001,2025-08-26,2025-09-01,8,5500.0,6,15900.0,0.9666,0,0,0.275,33,8,0.5,2.25,1.0,12.0,train
4500000193,10,100102,RM-GULA-001,2025-08-28,2025-08-31,8,6000.0,3,17050.0,1.0365,0,0,0.12,9,1,0.0,0.0,0.0,0.0,train
4500000194,10,100107,RM-GULA-001,2025-08-29,2025-09-02,8,3500.0,4,16800.0,1.0244,0,0,0.286,15,5,0.6,1.6,0.0,0.0,train
4500000195,10,100106,RM-GULA-001,2025-08-30,2025-09-03,8,3500.0,4,16250.0,0.9909,0,0,0.289,30,9,0.333,1.11,1.0,4.0,train
4500000196,10,100101,RM-GULA-001,2025-09-01,2025-09-07,9,4500.0,6,15800.0,0.9634,0,0,0.35,33,7,0.429,1.43,0.0,0.0,train
4500000197,10,100106,RM-GULA-001,2025-09-02,2025-09-06,9,4000.0,4,16200.0,0.9878,0,0,0.378,30,9,0.333,1.11,0.0,-1.0,train
4500000198,10,100101,RM-GULA-001,2025-09-04,2025-09-10,9,3000.0,6,15550.0,0.9482,0,0,0.275,33,6,0.5,1.67,1.0,2.0,train
4500000199,10,100106,RM-GULA-001,2025-09-06,2025-09-10,9,6500.0,4,16250.0,0.9909,0,0,0.522,31,9,0.333,1.11,0.0,0.0,train
4500000200,10,100104,RM-GULA-001,2025-09-08,2025-09-10,9,3500.0,2,17000.0,1.0366,0,0,0.556,14,4,0.0,0.0,0.0,0.0,train
4500000201,10,100108,RM-GULA-001,2025-09-10,2025-09-14,9,7000.0,4,16800.0,1.0244,0,0,0.356,21,6,0.0,0.0,0.0,0.0,train
4500000202,10,100103,RM-GULA-001,2025-09-11,2025-09-15,9,6500.0,4,16500.0,1.0061,0,0,0.111,19,4,0.0,0.0,0.0,0.0,train
4500000203,10,100101,RM-GULA-001,2025-09-13,2025-09-19,9,3500.0,6,15950.0,0.9726,0,0,0.333,35,8,0.5,1.5,1.0,2.0,train
4500000204,10,100107,RM-GULA-001,2025-09-15,2025-09-19,9,3500.0,4,16750.0,1.0213,0,0,0.386,17,6,0.667,2.67,0.0,0.0,train
4500000205,10,100106,RM-GULA-001,2025-09-17,2025-09-21,9,5500.0,4,16450.0,1.003,0,0,0.511,33,10,0.4,1.4,0.0,-1.0,train
4500000206,10,100110,RM-GULA-001,2025-09-18,2025-09-23,9,5500.0,5,16000.0,0.9786,0,0,0.958,31,10,0.7,3.8,0.0,0.0,train
4500000207,10,100101,RM-GULA-001,2025-09-19,2025-09-25,9,3000.0,6,15400.0,0.9419,0,0,0.325,36,8,0.5,2.75,1.0,3.0,train
4500000208,10,100101,RM-GULA-001,2025-09-20,2025-09-26,9,5000.0,6,15450.0,0.945,0,0,0.408,36,8,0.5,2.75,0.0,0.0,train
4500000209,10,100108,RM-GULA-001,2025-09-22,2025-09-26,9,4500.0,4,16300.0,0.9969,0,0,0.256,22,7,0.0,0.0,0.0,-1.0,train
4500000210,10,100106,RM-GULA-001,2025-09-24,2025-09-28,9,7500.0,4,16500.0,1.0092,0,0,0.6,34,11,0.364,1.27,0.0,0.0,train
4500000211,10,100110,RM-GULA-001,2025-09-26,2025-10-01,9,6500.0,5,15950.0,0.9785,0,0,1.0,32,9,0.556,3.67,0.0,0.0,train
4500000212,10,100107,RM-GULA-001,2025-09-27,2025-10-01,9,4000.0,4,17000.0,1.0429,0,0,0.314,18,6,0.667,2.67,0.0,0.0,train
4500000213,10,100105,RM-GULA-001,2025-09-29,2025-10-04,9,3000.0,5,16250.0,0.9969,0,0,0.075,18,2,0.0,0.0,0.0,0.0,train
4500000214,10,100108,RM-GULA-001,2025-10-01,2025-10-05,10,5500.0,4,16500.0,1.0123,0,0,0.378,23,6,0.0,0.0,0.0,0.0,train
4500000215,10,100104,RM-GULA-001,2025-10-02,2025-10-04,10,5500.0,2,16950.0,1.0399,0,0,0.5,15,4,0.0,0.0,0.0,-1.0,train
4500000216,10,100108,RM-GULA-001,2025-10-03,2025-10-07,10,7000.0,4,16350.0,1.0031,0,0,0.533,23,6,0.0,0.0,0.0,-1.0,train
4500000217,10,100108,RM-GULA-001,2025-10-06,2025-10-10,10,7000.0,4,16450.0,1.0092,0,0,0.689,24,7,0.0,0.0,0.0,0.0,train
4500000218,10,100106,RM-GULA-001,2025-10-08,2025-10-12,10,4500.0,4,16250.0,0.9969,0,0,0.389,35,12,0.333,1.17,0.0,0.0,train
4500000219,10,100105,RM-GULA-001,2025-10-09,2025-10-14,10,6500.0,5,15600.0,0.96,0,0,0.238,19,3,0.0,0.0,0.0,0.0,train
4500000220,10,100110,RM-GULA-001,2025-10-10,2025-10-15,10,4000.0,5,16050.0,0.9877,0,0,1.333,33,8,0.375,2.62,1.0,2.0,train
4500000221,10,100101,RM-GULA-001,2025-10-13,2025-10-19,10,5500.0,6,15950.0,0.9815,0,0,0.225,39,8,0.5,2.38,0.0,0.0,train
4500000222,10,100105,RM-GULA-001,2025-10-15,2025-10-20,10,6500.0,5,15850.0,0.9754,0,0,0.4,20,4,0.0,0.0,0.0,0.0,train
4500000223,10,100106,RM-GULA-001,2025-10-16,2025-10-20,10,7500.0,4,16400.0,1.0061,0,0,0.556,36,11,0.273,0.91,0.0,0.0,train
4500000224,10,100105,RM-GULA-001,2025-10-18,2025-10-23,10,4500.0,5,16200.0,0.9939,0,0,0.512,20,4,0.0,0.0,0.0,0.0,train
4500000225,10,100107,RM-GULA-001,2025-10-20,2025-10-24,10,7000.0,4,16650.0,1.0215,0,0,0.314,19,4,0.25,2.0,0.0,0.0,train
4500000226,10,100110,RM-GULA-001,2025-10-21,2025-10-26,10,7000.0,5,16050.0,0.9847,0,0,1.458,34,8,0.5,2.88,0.0,0.0,train
4500000227,10,100110,RM-GULA-001,2025-10-22,2025-10-27,10,4000.0,5,16000.0,0.9816,0,0,1.792,34,8,0.5,2.88,1.0,4.0,train
4500000228,10,100108,RM-GULA-001,2025-10-24,2025-10-28,10,5500.0,4,16550.0,1.0153,0,0,0.556,26,7,0.0,0.0,0.0,-1.0,train
4500000229,10,100103,RM-GULA-001,2025-10-27,2025-10-31,10,3500.0,4,16250.0,0.9969,0,0,0.039,20,3,0.0,0.0,0.0,-1.0,train
4500000230,10,100101,RM-GULA-001,2025-10-29,2025-11-04,10,8000.0,6,15650.0,0.9601,1,0,0.225,40,9,0.444,2.11,1.0,9.0,train
4500000231,10,100101,RM-GULA-001,2025-10-30,2025-11-05,10,7500.0,6,15950.0,0.9755,1,0,0.35,40,9,0.444,2.11,0.0,0.0,train
4500000232,10,100105,RM-GULA-001,2025-10-31,2025-11-05,10,7000.0,5,16100.0,0.9847,1,0,0.612,22,6,0.0,0.0,0.0,0.0,train
4500000233,10,100108,RM-GULA-001,2025-11-03,2025-11-07,11,3000.0,4,16750.0,1.0245,1,0,0.344,27,8,0.0,0.0,0.0,0.0,train
4500000234,10,100108,RM-GULA-001,2025-11-05,2025-11-09,11,3500.0,4,16200.0,0.9908,1,0,0.267,27,8,0.0,0.0,1.0,2.0,train
4500000235,10,100103,RM-GULA-001,2025-11-07,2025-11-11,11,4000.0,4,16600.0,1.0184,1,0,0.083,21,4,0.0,0.0,1.0,1.0,train
4500000236,10,100101,RM-GULA-001,2025-11-10,2025-11-16,11,4500.0,6,15650.0,0.9601,1,0,0.425,41,9,0.444,2.11,0.0,0.0,train
4500000237,10,100101,RM-GULA-001,2025-11-11,2025-11-17,11,4500.0,6,15750.0,0.9663,1,0,0.5,41,9,0.444,2.11,1.0,3.0,train
4500000238,10,100106,RM-GULA-001,2025-11-13,2025-11-17,11,5500.0,4,16400.0,1.0061,1,0,0.289,37,9,0.333,1.11,0.0,0.0,train
4500000239,10,100105,RM-GULA-001,2025-11-15,2025-11-20,11,3000.0,5,16150.0,0.9908,1,0,0.362,23,5,0.0,0.0,0.0,0.0,train
4500000240,10,100108,RM-GULA-001,2025-11-17,2025-11-21,11,5000.0,4,16300.0,1.0,1,0,0.378,29,10,0.1,0.2,0.0,0.0,train
4500000241,10,100104,RM-GULA-001,2025-11-19,2025-11-21,11,6000.0,2,16500.0,1.0123,1,0,0.333,16,2,0.0,0.0,0.0,0.0,train
4500000242,10,100107,RM-GULA-001,2025-11-20,2025-11-24,11,4000.0,4,16950.0,1.0399,1,0,0.114,20,5,0.2,1.6,1.0,2.0,train
4500000243,10,100101,RM-GULA-001,2025-11-21,2025-11-27,11,4500.0,6,15450.0,0.9479,1,0,0.483,44,12,0.5,2.58,1.0,2.0,train
4500000244,10,100107,RM-GULA-001,2025-11-22,2025-11-26,11,5500.0,4,17050.0,1.046,1,0,0.271,20,5,0.2,1.6,0.0,0.0,train
4500000245,10,100110,RM-GULA-001,2025-11-24,2025-11-29,11,4500.0,5,15700.0,0.9632,1,0,0.375,36,7,0.429,2.57,0.0,0.0,train
4500000246,10,100110,RM-GULA-001,2025-11-25,2025-11-30,11,3500.0,5,15650.0,0.9601,1,0,0.667,36,7,0.429,2.57,1.0,3.0,train
4500000247,10,100101,RM-GULA-001,2025-11-26,2025-12-02,11,5500.0,6,15400.0,0.9448,1,0,0.575,44,11,0.545,2.82,0.0,0.0,train
4500000248,10,100101,RM-GULA-001,2025-11-28,2025-12-04,11,3000.0,6,15700.0,0.9602,1,0,0.492,44,11,0.545,2.82,1.0,3.0,train
4500000249,10,100101,RM-GULA-001,2025-12-01,2025-12-07,12,4500.0,6,15450.0,0.945,1,0,0.442,45,12,0.583,2.75,0.0,-1.0,train
4500000250,10,100110,RM-GULA-001,2025-12-03,2025-12-08,12,5500.0,5,15550.0,0.9511,1,0,1.125,37,6,0.333,1.0,1.0,2.0,train
4500000251,10,100101,RM-GULA-001,2025-12-05,2025-12-11,12,5000.0,6,15450.0,0.9421,1,0,0.525,46,13,0.538,2.54,0.0,0.0,train
4500000252,10,100102,RM-GULA-001,2025-12-08,2025-12-11,12,5000.0,3,17250.0,1.0518,1,0,0.1,10,0,,,0.0,0.0,train
4500000253,10,100108,RM-GULA-001,2025-12-09,2025-12-13,12,6500.0,4,16350.0,0.997,1,0,0.256,30,9,0.111,0.22,0.0,0.0,train
4500000254,10,100106,RM-GULA-001,2025-12-11,2025-12-15,12,5500.0,4,16450.0,1.0,1,0,0.244,38,5,0.0,0.0,0.0,0.0,train
4500000255,10,100107,RM-GULA-001,2025-12-12,2025-12-16,12,8000.0,4,16700.0,1.0152,1,0,0.5,22,5,0.2,0.4,1.0,3.0,train
4500000256,10,100107,RM-GULA-001,2025-12-13,2025-12-17,12,3000.0,4,16850.0,1.0243,1,0,0.586,22,5,0.2,0.4,0.0,0.0,train
4500000257,10,100107,RM-GULA-001,2025-12-15,2025-12-19,12,7000.0,4,17300.0,1.0517,1,0,0.786,22,5,0.2,0.4,0.0,0.0,train
4500000258,10,100103,RM-GULA-001,2025-12-17,2025-12-21,12,7500.0,4,16650.0,1.0122,1,0,0.083,22,2,0.5,0.5,1.0,4.0,train
4500000259,10,100101,RM-GULA-001,2025-12-19,2025-12-25,12,3500.0,6,15950.0,0.9667,1,0,0.433,49,13,0.462,1.69,1.0,2.0,train
4500000260,10,100105,RM-GULA-001,2025-12-22,2025-12-27,12,3000.0,5,16150.0,0.9788,1,0,0.075,24,6,0.0,0.0,1.0,5.0,train
4500000261,10,100106,RM-GULA-001,2025-12-23,2025-12-27,12,4000.0,4,16350.0,0.9909,1,0,0.211,39,5,0.0,0.0,0.0,0.0,train
4500000262,10,100105,RM-GULA-001,2025-12-25,2025-12-30,12,4000.0,5,16200.0,0.9789,1,0,0.175,24,6,0.0,0.0,1.0,3.0,train
4500000263,10,100105,RM-GULA-001,2025-12-26,2025-12-31,12,3500.0,5,16550.0,1.0,1,0,0.262,24,6,0.0,0.0,0.0,0.0,train
4500000264,10,100104,RM-GULA-001,2025-12-27,2025-12-29,12,5500.0,2,16950.0,1.0242,1,0,0.306,17,2,0.0,0.0,0.0,0.0,train
4500000265,10,100110,RM-GULA-001,2025-12-29,2026-01-03,12,3500.0,5,16100.0,0.9728,1,0,0.75,39,7,0.571,1.57,0.0,0.0,train
4500000266,10,100101,RM-GULA-001,2025-12-31,2026-01-06,12,3500.0,6,15550.0,0.9396,1,0,0.2,50,11,0.455,1.73,1.0,8.0,train
4500000267,10,100108,RM-GULA-001,2026-01-01,2026-01-05,1,5500.0,4,16650.0,1.0091,1,0,0.267,31,8,0.125,0.25,0.0,0.0,train
4500000268,10,100101,RM-GULA-001,2026-01-02,2026-01-08,1,7000.0,6,15850.0,0.9606,1,0,0.317,50,11,0.455,1.73,1.0,7.0,train
4500000269,10,100108,RM-GULA-001,2026-01-05,2026-01-09,1,6000.0,4,16800.0,1.0182,1,0,0.4,31,6,0.167,0.33,0.0,0.0,train
4500000270,10,100110,RM-GULA-001,2026-01-07,2026-01-12,1,4500.0,5,16400.0,0.9909,1,0,0.667,40,7,0.571,1.57,0.0,0.0,train
4500000271,10,100108,RM-GULA-001,2026-01-08,2026-01-12,1,3000.0,4,16600.0,1.0061,1,0,0.322,32,7,0.143,0.29,0.0,-1.0,train
4500000272,10,100110,RM-GULA-001,2026-01-10,2026-01-15,1,8000.0,5,16150.0,0.9788,1,0,1.333,40,7,0.571,1.57,0.0,0.0,train
4500000273,10,100110,RM-GULA-001,2026-01-12,2026-01-17,1,3500.0,5,16200.0,0.9818,1,0,1.625,40,7,0.571,1.57,0.0,0.0,train
4500000274,10,100105,RM-GULA-001,2026-01-13,2026-01-18,1,4000.0,5,16150.0,0.9788,1,0,0.362,27,7,0.286,1.14,0.0,0.0,train
4500000275,10,100104,RM-GULA-001,2026-01-15,2026-01-17,1,7000.0,2,17550.0,1.0478,1,0,0.694,18,2,0.0,0.0,1.0,1.0,train
4500000276,10,100105,RM-GULA-001,2026-01-16,2026-01-21,1,4000.0,5,16500.0,0.9851,1,0,0.462,27,7,0.286,1.14,0.0,-1.0,train
4500000277,10,100103,RM-GULA-001,2026-01-17,2026-01-21,1,3000.0,4,17000.0,1.0149,1,0,0.033,23,3,0.667,1.67,0.0,0.0,train
4500000278,10,100106,RM-GULA-001,2026-01-19,2026-01-23,1,4500.0,4,16800.0,1.003,1,0,0.189,40,3,0.0,0.0,0.0,-1.0,train
4500000279,10,100110,RM-GULA-001,2026-01-21,2026-01-26,1,3000.0,5,16200.0,0.9672,1,0,1.875,43,9,0.333,1.0,0.0,0.0,train
4500000280,10,100108,RM-GULA-001,2026-01-22,2026-01-26,1,6500.0,4,16650.0,0.9911,1,0,0.467,34,8,0.125,0.25,0.0,0.0,train
4500000281,10,100105,RM-GULA-001,2026-01-23,2026-01-28,1,3500.0,5,16250.0,0.9673,1,0,0.475,29,7,0.286,1.14,1.0,4.0,train
4500000282,10,100105,RM-GULA-001,2026-01-26,2026-01-31,1,7500.0,5,16600.0,0.9881,1,0,0.475,29,7,0.286,1.14,1.0,2.0,train
4500000283,10,100106,RM-GULA-001,2026-01-27,2026-01-31,1,7000.0,4,16850.0,1.003,1,0,0.256,41,4,0.0,0.0,0.0,0.0,train
4500000284,10,100108,RM-GULA-001,2026-01-29,2026-02-02,1,5500.0,4,16450.0,0.9821,1,0,0.589,35,8,0.125,0.25,0.0,0.0,train
4500000285,10,100101,RM-GULA-001,2026-01-30,2026-02-05,1,4000.0,6,15950.0,0.9522,1,0,0.183,52,12,0.583,2.83,1.0,5.0,train
4500000286,10,100106,RM-GULA-001,2026-01-31,2026-02-04,1,5500.0,4,16850.0,1.006,1,0,0.378,41,4,0.0,0.0,0.0,0.0,train
4500000287,10,100104,RM-GULA-001,2026-02-02,2026-02-04,2,7500.0,2,17350.0,1.0358,1,0,0.806,19,3,0.333,0.33,0.0,0.0,train
4500000288,10,100105,RM-GULA-001,2026-02-03,2026-02-08,2,7000.0,5,16650.0,0.994,1,0,0.65,31,9,0.444,1.56,0.0,-1.0,train
4500000289,10,100104,RM-GULA-001,2026-02-04,2026-02-06,2,5000.0,2,17200.0,1.0269,1,0,1.083,19,3,0.333,0.33,0.0,0.0,train
4500000290,10,100104,RM-GULA-001,2026-02-06,2026-02-08,2,6000.0,2,17400.0,1.0326,1,0,1.417,20,4,0.25,0.25,1.0,4.0,train
4500000291,10,100106,RM-GULA-001,2026-02-09,2026-02-13,2,5000.0,4,16750.0,0.9941,1,0,0.489,43,6,0.0,0.0,0.0,0.0,train
4500000292,10,100101,RM-GULA-001,2026-02-10,2026-02-16,2,7000.0,6,16100.0,0.9555,1,0,0.183,52,11,0.636,3.09,1.0,8.0,train
4500000293,10,100104,RM-GULA-001,2026-02-12,2026-02-14,2,6500.0,2,17350.0,1.0327,1,0,1.778,21,5,0.2,0.2,0.0,-1.0,train
4500000294,10,100105,RM-GULA-001,2026-02-14,2026-02-19,2,4500.0,5,16500.0,0.9821,1,0,0.662,32,9,0.444,1.56,0.0,0.0,train
4500000295,10,100103,RM-GULA-001,2026-02-16,2026-02-20,2,6000.0,4,16900.0,1.006,1,0,0.067,24,2,0.5,2.0,1.0,4.0,train
4500000296,10,100104,RM-GULA-001,2026-02-17,2026-02-19,2,4000.0,2,17150.0,1.0208,1,0,1.611,23,7,0.286,0.71,1.0,2.0,train
4500000297,10,100106,RM-GULA-001,2026-02-18,2026-02-22,2,5500.0,4,16750.0,0.997,1,0,0.511,44,6,0.0,0.0,0.0,-1.0,train
4500000298,10,100110,RM-GULA-001,2026-02-20,2026-02-25,2,8000.0,5,16800.0,0.9941,1,0,0.667,44,8,0.25,0.62,0.0,0.0,train
4500000299,10,100105,RM-GULA-001,2026-02-23,2026-02-28,2,5500.0,5,16800.0,0.9941,1,0,0.612,33,9,0.444,1.56,0.0,-1.0,train
4500000300,10,100104,RM-GULA-001,2026-02-24,2026-02-26,2,3000.0,2,17600.0,1.0414,1,0,1.778,24,7,0.429,1.0,0.0,0.0,train
4500000301,10,100110,RM-GULA-001,2026-02-25,2026-03-02,2,6000.0,5,16600.0,0.9822,1,0,1.167,44,8,0.25,0.62,0.0,0.0,train
4500000302,10,100105,RM-GULA-001,2026-02-27,2026-03-04,2,4000.0,5,16200.0,0.9529,1,0,0.525,33,9,0.444,1.56,0.0,-1.0,train
4500000303,10,100101,RM-GULA-001,2026-02-28,2026-03-06,2,3500.0,6,16250.0,0.9559,1,0,0.242,54,9,0.667,3.67,0.0,0.0,train
4500000304,10,100108,RM-GULA-001,2026-03-02,2026-03-06,3,4000.0,4,17150.0,1.0088,1,0,0.089,36,6,0.0,0.0,0.0,0.0,train
4500000305,10,100107,RM-GULA-001,2026-03-04,2026-03-08,3,6500.0,4,17400.0,1.0235,1,0,0.186,25,3,0.333,1.0,0.0,0.0,train
4500000306,10,100103,RM-GULA-001,2026-03-06,2026-03-10,3,7500.0,4,17400.0,1.0175,1,1,0.15,25,3,0.667,2.67,1.0,2.0,train
4500000307,10,100103,RM-GULA-001,2026-03-07,2026-03-11,3,4000.0,4,17250.0,1.0088,1,1,0.194,25,3,0.667,2.67,0.0,0.0,train
4500000308,10,100106,RM-GULA-001,2026-03-09,2026-03-13,3,6500.0,4,17100.0,1.0,1,1,0.378,45,7,0.0,0.0,0.0,0.0,train
4500000309,10,100107,RM-GULA-001,2026-03-10,2026-03-14,3,4000.0,4,17550.0,1.0263,1,1,0.3,26,4,0.25,0.75,0.0,0.0,train
4500000310,10,100102,RM-GULA-001,2026-03-12,2026-03-15,3,4000.0,3,17900.0,1.0407,1,1,0.08,11,0,,,0.0,0.0,train
4500000311,10,100108,RM-GULA-001,2026-03-13,2026-03-17,3,3000.0,4,17500.0,1.0174,1,1,0.156,37,7,0.0,0.0,1.0,2.0,train
4500000312,10,100103,RM-GULA-001,2026-03-14,2026-03-18,3,8000.0,4,17300.0,1.0058,1,1,0.283,27,5,0.6,2.0,0.0,0.0,train
4500000313,10,100102,RM-GULA-001,2026-03-16,2026-03-19,3,4000.0,3,18200.0,1.0581,1,1,0.16,12,1,0.0,0.0,0.0,0.0,train
4500000314,10,100106,RM-GULA-001,2026-03-18,2026-03-22,3,4500.0,4,17100.0,0.9942,1,1,0.367,46,7,0.0,0.0,0.0,0.0,train
4500000315,10,100108,RM-GULA-001,2026-03-20,2026-03-24,3,3000.0,4,17050.0,0.9884,1,1,0.222,38,7,0.143,0.29,0.0,0.0,train
4500000316,10,100101,RM-GULA-001,2026-03-23,2026-03-29,3,5500.0,6,16300.0,0.9449,1,0,0.15,55,6,0.833,5.0,0.0,0.0,train
4500000317,10,100103,RM-GULA-001,2026-03-25,2026-03-29,3,6000.0,4,17500.0,1.0145,1,0,0.283,28,6,0.5,1.67,0.0,0.0,train
4500000318,10,100105,RM-GULA-001,2026-03-26,2026-03-31,3,4500.0,5,17100.0,0.9856,1,0,0.212,35,11,0.364,1.27,1.0,3.0,train
4500000319,10,100103,RM-GULA-001,2026-03-27,2026-03-31,3,7000.0,4,17050.0,0.9827,1,0,0.361,28,5,0.4,1.2,0.0,0.0,train
4500000320,10,100110,RM-GULA-001,2026-03-28,2026-04-02,3,3500.0,5,16750.0,0.9654,0,0,0.292,46,7,0.0,0.0,0.0,-1.0,train
4500000321,10,100104,RM-GULA-001,2026-03-30,2026-04-01,3,6000.0,2,17950.0,1.0346,0,0,0.333,25,7,0.429,1.0,0.0,0.0,train
4500000322,10,100104,RM-GULA-001,2026-03-31,2026-04-02,3,4500.0,2,17700.0,1.0202,0,0,0.583,25,7,0.429,1.0,0.0,0.0,train
4500000323,10,100103,RM-GULA-001,2026-04-02,2026-04-06,4,4500.0,4,17850.0,1.0229,0,0,0.411,30,7,0.286,0.86,1.0,1.0,train
4500000324,10,100101,RM-GULA-001,2026-04-03,2026-04-09,4,6000.0,6,16350.0,0.937,0,0,0.192,56,6,0.667,4.67,0.0,0.0,train
4500000325,10,100107,RM-GULA-001,2026-04-04,2026-04-08,4,5000.0,4,18150.0,1.0401,0,0,0.257,27,2,0.0,0.0,0.0,0.0,train
4500000326,10,100101,RM-GULA-001,2026-04-06,2026-04-12,4,8000.0,6,16700.0,0.957,0,0,0.325,56,6,0.667,4.67,1.0,8.0,train
4500000327,10,100103,RM-GULA-001,2026-04-07,2026-04-11,4,3500.0,4,17450.0,1.0,0,0,0.322,30,7,0.286,0.86,0.0,0.0,train
4500000328,10,100102,RM-GULA-001,2026-04-08,2026-04-11,4,8000.0,3,18400.0,1.0544,0,0,0.32,13,2,0.0,0.0,0.0,0.0,train
4500000329,10,100106,RM-GULA-001,2026-04-09,2026-04-13,4,3500.0,4,17550.0,1.0,0,0,0.178,47,7,0.0,0.0,0.0,0.0,train
4500000330,10,100108,RM-GULA-001,2026-04-10,2026-04-14,4,7500.0,4,17500.0,0.9972,0,0,0.3,39,6,0.167,0.33,0.0,0.0,train
4500000331,10,100105,RM-GULA-001,2026-04-13,2026-04-18,4,6500.0,5,16850.0,0.9601,0,0,0.275,36,9,0.333,1.0,0.0,0.0,train
4500000332,10,100105,RM-GULA-001,2026-04-15,2026-04-20,4,7000.0,5,17100.0,0.9744,0,0,0.45,36,9,0.333,1.0,0.0,-1.0,train
4500000333,10,100110,RM-GULA-001,2026-04-17,2026-04-22,4,8000.0,5,17300.0,0.983,0,0,0.958,47,5,0.0,0.0,0.0,0.0,train
4500000334,10,100103,RM-GULA-001,2026-04-20,2026-04-24,4,5000.0,4,17800.0,1.0114,0,0,0.289,32,9,0.333,0.78,0.0,0.0,train
4500000335,10,100108,RM-GULA-001,2026-04-21,2026-04-25,4,6500.0,4,17850.0,1.0142,0,0,0.311,40,6,0.167,0.33,1.0,8.0,train
4500000336,10,100101,RM-GULA-001,2026-04-22,2026-04-28,4,5500.0,6,16700.0,0.9489,0,0,0.325,58,6,0.5,3.5,0.0,0.0,train
4500000337,10,100108,RM-GULA-001,2026-04-24,2026-04-28,4,6500.0,4,17400.0,0.9915,0,0,0.456,40,6,0.167,0.33,0.0,0.0,train
4500000338,10,100101,RM-GULA-001,2026-04-25,2026-05-01,4,5500.0,6,16650.0,0.9487,0,0,0.417,58,6,0.5,3.5,0.0,0.0,train
4500000339,10,100108,RM-GULA-001,2026-04-27,2026-05-01,4,6000.0,4,17450.0,0.9943,0,0,0.589,40,5,0.2,0.4,0.0,-1.0,train
4500000340,10,100110,RM-GULA-001,2026-04-28,2026-05-03,4,3500.0,5,16900.0,0.963,0,0,0.958,48,4,0.0,0.0,0.0,0.0,train
4500000341,10,100107,RM-GULA-001,2026-04-30,2026-05-04,4,5000.0,4,18150.0,1.0342,0,0,0.286,28,3,0.0,0.0,1.0,3.0,test
4500000342,10,100101,RM-GULA-001,2026-05-02,2026-05-08,5,7000.0,6,16700.0,0.9516,0,0,0.533,60,8,0.375,2.62,0.0,0.0,test
4500000343,10,100105,RM-GULA-001,2026-05-04,2026-05-09,5,3500.0,5,17050.0,0.9715,0,0,0.425,38,7,0.143,0.43,0.0,0.0,test
4500000344,10,100101,RM-GULA-001,2026-05-05,2026-05-11,5,7500.0,6,16450.0,0.9373,0,0,0.558,60,8,0.375,2.62,1.0,2.0,test
4500000345,10,100105,RM-GULA-001,2026-05-06,2026-05-11,5,3500.0,5,17250.0,0.9829,0,0,0.512,38,7,0.143,0.43,0.0,-1.0,test
4500000346,10,100101,RM-GULA-001,2026-05-08,2026-05-14,5,3500.0,6,16600.0,0.9486,0,0,0.483,60,8,0.375,2.62,1.0,1.0,test
4500000347,10,100105,RM-GULA-001,2026-05-11,2026-05-16,5,7500.0,5,17250.0,0.9857,0,0,0.7,40,8,0.125,0.38,0.0,0.0,test
4500000348,10,100107,RM-GULA-001,2026-05-13,2026-05-17,5,4500.0,4,18100.0,1.0343,0,0,0.271,29,4,0.25,0.75,1.0,6.0,test
4500000349,10,100108,RM-GULA-001,2026-05-14,2026-05-18,5,3500.0,4,17250.0,0.9885,0,0,0.5,43,7,0.286,1.43,0.0,0.0,test
4500000350,10,100106,RM-GULA-001,2026-05-16,2026-05-20,5,4000.0,4,17550.0,1.0057,0,0,0.089,48,4,0.0,0.0,1.0,3.0,test
4500000351,10,100106,RM-GULA-001,2026-05-18,2026-05-22,5,8000.0,4,17550.0,1.0057,0,0,0.267,48,4,0.0,0.0,0.0,0.0,test
4500000352,10,100108,RM-GULA-001,2026-05-19,2026-05-23,5,3000.0,4,17450.0,1.0,0,0,0.567,44,8,0.25,1.25,0.0,0.0,test
4500000353,10,100107,RM-GULA-001,2026-05-20,2026-05-24,5,5000.0,4,17800.0,1.0201,0,0,0.414,29,4,0.25,0.75,0.0,0.0,test
4500000354,10,100110,RM-GULA-001,2026-05-22,2026-05-27,5,7000.0,5,17100.0,0.9856,0,0,0.875,49,5,0.0,0.0,0.0,0.0,test
4500000355,10,100110,RM-GULA-001,2026-05-25,2026-05-30,5,3000.0,5,16700.0,0.9625,0,0,1.125,49,5,0.0,0.0,0.0,0.0,test
4500000356,10,100101,RM-GULA-001,2026-05-27,2026-06-02,5,7000.0,6,16800.0,0.9683,0,0,0.417,63,9,0.333,1.22,0.0,0.0,test
4500000357,10,100101,RM-GULA-001,2026-05-28,2026-06-03,5,6000.0,6,16750.0,0.9654,0,0,0.517,63,9,0.333,1.22,0.0,0.0,test
4500000358,10,100101,RM-GULA-001,2026-05-29,2026-06-04,5,5500.0,6,16650.0,0.9569,0,0,0.608,63,9,0.333,1.22,1.0,2.0,test
4500000359,10,100101,RM-GULA-001,2026-06-01,2026-06-07,6,7500.0,6,16500.0,0.9483,0,0,0.617,63,9,0.333,1.22,1.0,13.0,test
4500000360,10,100106,RM-GULA-001,2026-06-02,2026-06-06,6,8000.0,4,17100.0,0.9828,0,0,0.444,50,5,0.2,0.6,0.0,0.0,test
4500000361,10,100110,RM-GULA-001,2026-06-03,2026-06-08,6,7000.0,5,17400.0,1.0,0,0,1.417,51,5,0.0,0.0,0.0,0.0,test
4500000362,10,100107,RM-GULA-001,2026-06-04,2026-06-08,6,6000.0,4,17900.0,1.0317,0,0,0.443,31,6,0.333,1.5,0.0,0.0,test
4500000363,10,100108,RM-GULA-001,2026-06-06,2026-06-10,6,6000.0,4,17450.0,1.0058,0,0,0.278,45,8,0.25,1.25,1.0,2.0,test
4500000364,10,100108,RM-GULA-001,2026-06-08,2026-06-12,6,7500.0,4,17750.0,1.0231,0,0,0.444,45,8,0.25,1.25,0.0,0.0,test
4500000365,10,100110,RM-GULA-001,2026-06-09,2026-06-14,6,3500.0,5,16950.0,0.9769,0,0,1.708,52,6,0.0,0.0,0.0,-1.0,test
4500000366,10,100101,RM-GULA-001,2026-06-11,2026-06-17,6,4500.0,6,16350.0,0.9424,0,0,0.508,66,11,0.364,1.18,1.0,3.0,test
4500000367,10,100103,RM-GULA-001,2026-06-13,2026-06-17,6,6500.0,4,17600.0,1.0144,0,0,0.072,33,6,0.167,0.17,0.0,0.0,test
4500000368,10,100101,RM-GULA-001,2026-06-15,2026-06-21,6,3500.0,6,16650.0,0.9597,0,0,0.567,66,11,0.364,1.18,0.0,-1.0,test
4500000369,10,100106,RM-GULA-001,2026-06-17,2026-06-21,6,3000.0,4,17550.0,1.0115,0,0,0.244,51,5,0.2,0.6,0.0,0.0,test
4500000370,10,100109,RM-GULA-001,2026-06-19,2026-06-22,6,6500.0,3,17200.0,0.9914,0,0,0.217,0,0,,,0.0,0.0,test
4500000371,10,100101,RM-GULA-001,2026-06-22,2026-06-28,6,4500.0,6,17100.0,0.9856,0,0,0.642,69,14,0.429,2.07,0.0,-1.0,test
4500000372,10,100104,RM-GULA-001,2026-06-24,2026-06-26,6,7500.0,2,18000.0,1.0375,0,0,0.417,27,2,0.0,0.0,0.0,0.0,test
4500000373,10,100103,RM-GULA-001,2026-06-25,2026-06-29,6,6500.0,4,17450.0,1.0058,0,0,0.144,34,6,0.167,0.17,0.0,0.0,test
4500000374,10,100101,RM-GULA-001,2026-06-26,2026-07-02,6,5500.0,6,16650.0,0.9597,0,0,0.617,69,14,0.429,2.07,1.0,6.0,test
4500000375,10,100107,RM-GULA-001,2026-06-29,2026-07-03,6,6000.0,4,18400.0,1.0605,0,0,0.343,32,5,0.4,1.8,0.0,-1.0,test
4500000376,10,100110,RM-GULA-001,2026-06-30,2026-07-05,6,4000.0,5,17400.0,1.0029,0,0,1.208,53,7,0.0,0.0,0.0,0.0,test
4500000377,10,100101,RM-GULA-001,2026-07-01,2026-07-07,7,8000.0,6,16650.0,0.9597,0,0,0.433,70,14,0.429,2.07,0.0,0.0,test
4500000378,10,100103,RM-GULA-001,2026-07-02,2026-07-06,7,8000.0,4,17500.0,1.0116,0,0,0.233,35,5,0.2,0.2,0.0,0.0,test
4500000379,10,100101,RM-GULA-001,2026-07-03,2026-07-09,7,4000.0,6,16400.0,0.948,0,0,0.5,70,14,0.429,2.07,1.0,3.0,test
4500000380,10,100108,RM-GULA-001,2026-07-06,2026-07-10,7,5000.0,4,17500.0,1.0116,0,0,0.278,47,8,0.25,1.25,1.0,5.0,test
4500000381,10,100101,RM-GULA-001,2026-07-07,2026-07-13,7,6000.0,6,16450.0,0.9509,0,0,0.6,70,14,0.429,2.07,0.0,0.0,test
4500000382,10,100110,RM-GULA-001,2026-07-09,2026-07-14,7,6500.0,5,16400.0,0.9452,0,0,0.875,54,7,0.0,0.0,0.0,0.0,test
4500000383,10,100105,RM-GULA-001,2026-07-10,2026-07-15,7,3500.0,5,17100.0,0.9856,0,0,0.088,41,5,0.0,0.0,0.0,0.0,test
4500000384,10,100106,RM-GULA-001,2026-07-13,2026-07-17,7,8000.0,4,17100.0,0.9856,0,0,0.244,52,4,0.25,0.75,0.0,0.0,test
4500000385,10,100107,RM-GULA-001,2026-07-14,2026-07-18,7,5000.0,4,18050.0,1.0403,0,0,0.314,33,5,0.4,1.8,0.0,0.0,test
4500000386,10,100105,RM-GULA-001,2026-07-15,2026-07-20,7,8000.0,5,17250.0,0.9942,0,0,0.288,41,5,0.0,0.0,0.0,0.0,test
4500000387,10,100106,RM-GULA-001,2026-07-17,2026-07-21,7,4000.0,4,17200.0,0.9914,0,0,0.267,52,4,0.25,0.75,0.0,0.0,test
4500000388,10,100105,RM-GULA-001,2026-07-18,2026-07-23,7,8000.0,5,16550.0,0.9539,0,0,0.488,42,5,0.0,0.0,0.0,0.0,test
4500000389,10,100110,RM-GULA-001,2026-07-20,2026-07-25,7,5000.0,5,17150.0,0.9885,0,0,1.292,55,8,0.0,0.0,0.0,0.0,test
4500000390,10,100101,RM-GULA-001,2026-07-21,2026-07-27,7,5000.0,6,16550.0,0.9539,0,0,0.55,74,16,0.438,1.88,0.0,0.0,test
4500000391,10,100108,RM-GULA-001,2026-07-23,2026-07-27,7,7000.0,4,17100.0,0.9913,0,0,0.267,48,8,0.375,1.88,0.0,0.0,test
4500000392,10,100110,RM-GULA-001,2026-07-25,2026-07-30,7,6500.0,5,16900.0,0.9797,0,0,1.833,55,7,0.0,0.0,1.0,1.0,test
4500000393,10,100101,RM-GULA-001,2026-07-27,2026-08-02,7,4000.0,6,16450.0,0.9536,0,0,0.45,74,16,0.438,1.88,1.0,5.0,test
4500000394,10,100105,RM-GULA-001,2026-07-28,2026-08-02,7,6000.0,5,17050.0,0.9884,0,0,0.638,44,6,0.0,0.0,0.0,0.0,test
4500000395,10,100103,RM-GULA-001,2026-07-29,2026-08-02,7,7500.0,4,17400.0,1.0087,0,0,0.172,36,3,0.0,0.0,0.0,0.0,test
4500000396,10,100108,RM-GULA-001,2026-07-30,2026-08-03,7,5500.0,4,17200.0,0.9971,0,0,0.389,49,7,0.429,2.14,0.0,0.0,test
4500000397,10,100110,RM-GULA-001,2026-08-01,2026-08-06,8,4500.0,5,17000.0,0.9855,0,0,1.875,57,9,0.111,0.11,0.0,-1.0,test
4500000398,10,100101,RM-GULA-001,2026-08-03,2026-08-09,8,4500.0,6,16550.0,0.9594,0,0,0.325,75,15,0.467,2.0,0.0,0.0,test
4500000399,10,100105,RM-GULA-001,2026-08-04,2026-08-09,8,6500.0,5,17050.0,0.9884,0,0,0.8,45,7,0.0,0.0,0.0,0.0,test
4500000400,10,100105,RM-GULA-001,2026-08-05,2026-08-10,8,4500.0,5,17000.0,0.9855,0,0,0.912,45,7,0.0,0.0,1.0,13.0,test
4500000401,10,100103,RM-GULA-001,2026-08-06,2026-08-10,8,6000.0,4,17900.0,1.0377,0,0,0.15,37,4,0.0,0.0,0.0,0.0,test
4500000402,10,100110,RM-GULA-001,2026-08-07,2026-08-12,8,4500.0,5,16550.0,0.9594,0,0,2.25,58,9,0.111,0.11,1.0,6.0,test
4500000403,10,100101,RM-GULA-001,2026-08-08,2026-08-14,8,5000.0,6,16900.0,0.9797,0,0,0.308,76,15,0.533,2.33,1.0,4.0,test
4500000404,10,100106,RM-GULA-001,2026-08-10,2026-08-14,8,7500.0,4,17250.0,1.0,0,0,0.433,54,6,0.167,0.5,0.0,-1.0,test
4500000405,10,100104,RM-GULA-001,2026-08-12,2026-08-14,8,7000.0,2,17650.0,1.0232,0,0,0.389,28,1,0.0,0.0,1.0,2.0,test
4500000406,10,100110,RM-GULA-001,2026-08-13,2026-08-18,8,6500.0,5,16400.0,0.9507,0,0,2.25,58,9,0.111,0.11,0.0,0.0,test
4500000407,10,100103,RM-GULA-001,2026-08-15,2026-08-19,8,6500.0,4,17700.0,1.0261,0,0,0.222,38,5,0.0,0.0,0.0,0.0,test
4500000408,10,100105,RM-GULA-001,2026-08-17,2026-08-22,8,4000.0,5,16700.0,0.9681,0,0,0.525,46,5,0.0,0.0,0.0,0.0,test
4500000409,10,100102,RM-GULA-001,2026-08-19,2026-08-22,8,8000.0,3,18050.0,1.0464,0,0,0.16,14,0,,,0.0,0.0,test
4500000410,10,100101,RM-GULA-001,2026-08-21,2026-08-27,8,6000.0,6,16300.0,0.9422,0,0,0.325,78,15,0.467,2.4,0.0,-1.0,test
4500000411,10,100101,RM-GULA-001,2026-08-24,2026-08-30,8,4000.0,6,16600.0,0.9595,0,0,0.392,78,15,0.467,2.4,0.0,-1.0,test
4500000412,10,100107,RM-GULA-001,2026-08-26,2026-08-30,8,4500.0,4,17650.0,1.0202,0,0,0.129,34,3,0.0,0.0,0.0,-1.0,test
4500000413,10,100106,RM-GULA-001,2026-08-28,2026-09-01,8,4000.0,4,17250.0,0.9971,0,0,0.256,55,5,0.0,0.0,0.0,0.0,test
4500000414,10,100103,RM-GULA-001,2026-08-31,2026-09-04,8,7500.0,4,17300.0,1.0,0,0,0.222,39,6,0.0,0.0,0.0,0.0,test
4500000415,10,100103,RM-GULA-001,2026-09-02,2026-09-06,9,5000.0,4,17350.0,1.0029,0,0,0.278,39,6,0.0,0.0,0.0,0.0,holdout_recent
4500000416,10,100107,RM-GULA-001,2026-09-03,2026-09-07,9,8000.0,4,18150.0,1.0401,0,0,0.357,35,4,0.0,0.0,0.0,0.0,holdout_recent
4500000417,10,100109,RM-GULA-001,2026-09-04,2026-09-07,9,5500.0,3,17450.0,1.0,0,0,0.183,1,1,0.0,0.0,0.0,0.0,holdout_recent
4500000418,10,100110,RM-GULA-001,2026-09-05,2026-09-10,9,6000.0,5,16600.0,0.9513,0,0,1.417,60,9,0.222,0.78,1.0,2.0,holdout_recent
4500000419,10,100109,RM-GULA-001,2026-09-07,2026-09-10,9,7000.0,3,17550.0,1.0057,0,0,0.417,1,1,0.0,0.0,0.0,0.0,holdout_recent
4500000420,10,100104,RM-GULA-001,2026-09-09,2026-09-11,9,7000.0,2,18000.0,1.0315,0,0,0.778,29,2,0.5,1.0,0.0,0.0,holdout_recent
4500000421,10,100105,RM-GULA-001,2026-09-11,2026-09-16,9,5000.0,5,17150.0,0.9828,0,0,0.225,48,7,0.143,1.86,0.0,0.0,holdout_recent
4500000422,10,100108,RM-GULA-001,2026-09-14,2026-09-18,9,8000.0,4,17400.0,0.9971,0,0,0.178,50,3,0.333,1.67,1.0,4.0,holdout_recent
4500000423,10,100103,RM-GULA-001,2026-09-15,2026-09-19,9,5500.0,4,17700.0,1.0143,0,0,0.2,41,8,0.0,0.0,0.0,0.0,holdout_recent
4500000424,10,100103,RM-GULA-001,2026-09-17,2026-09-21,9,7000.0,4,17900.0,1.0229,0,0,0.278,41,7,0.0,0.0,0.0,0.0,holdout_recent
4500000425,10,100110,RM-GULA-001,2026-09-19,2026-09-24,9,6000.0,5,17200.0,0.9829,0,0,1.0,61,8,0.375,1.12,1.0,1.0,holdout_recent
4500000426,10,100101,RM-GULA-001,2026-09-21,2026-09-27,9,5500.0,6,16600.0,0.9486,0,0,0.158,80,11,0.364,1.64,0.0,0.0,holdout_recent
4500000427,10,100109,RM-GULA-001,2026-09-23,2026-09-26,9,5000.0,3,17450.0,0.9971,0,0,0.583,3,2,0.0,0.0,1.0,1.0,holdout_recent
4500000428,10,100105,RM-GULA-001,2026-09-24,2026-09-29,9,7000.0,5,17400.0,0.9915,0,0,0.3,49,8,0.125,1.62,0.0,0.0,holdout_recent
4500000429,10,100104,RM-GULA-001,2026-09-26,2026-09-28,9,7000.0,2,17900.0,1.0199,0,0,0.778,30,2,0.5,1.0,0.0,0.0,holdout_recent
4500000430,10,100107,RM-GULA-001,2026-09-28,2026-10-02,9,6500.0,4,17900.0,1.0199,0,0,0.414,36,4,0.0,0.0,,,predict
4500000431,10,100101,RM-GULA-001,2026-09-28,2026-10-04,9,10000.0,6,17150.0,0.9772,0,0,0.258,81,11,0.364,1.64,,,predict
4500000432,10,100103,RM-GULA-001,2026-09-29,2026-10-03,9,8000.0,4,17650.0,1.0057,0,0,0.367,43,8,0.0,0.0,,,predict
4500000433,10,100104,RM-GULA-001,2026-09-29,2026-10-01,9,12000.0,2,17900.0,1.0199,0,0,1.444,31,3,0.333,0.67,,,predict
4500000434,10,100110,RM-GULA-001,2026-09-30,2026-10-05,9,3000.0,5,16900.0,0.963,0,0,1.25,62,9,0.444,1.11,,,predict
